tphys,kstar_1,mass0_1,mass_1,lum_1,rad_1,teff_1,massc_1,radc_1,menv_1,renv_1,epoch_1,omega_spin_1,deltam_1,RRLO_1,kstar_2,mass0_2,mass_2,lum_2,rad_2,teff_2,massc_2,radc_2,menv_2,renv_2,epoch_2,omega_spin_2,deltam_2,RRLO_2,porb,sep,ecc,B_1,B_2,SN_1,SN_2,bin_state,merger_type,bin_num
5.849342201266905,1.0,56.713818127818,56.713818127818,787596.9977382654,16.525691631838924,42487.95237094911,0.0,0.0,1e-10,1e-10,2.4479873233974843,2178.9079676136607,-8.681463303445944e-07,0.02234390059253704,14.0,13.641792156207568,11.611779387990982,1e-10,4.9233944605081764e-05,2612.987273633207,11.611779387990982,4.9233944605081764e-05,1e-10,1e-10,5.8393422012669065,227366475.9104069,4.1133058736001035e-11,1.3628011801151515e-07,939.9354622838111,1650.2322225710407,0.13600503677581882,0.0,0.0,0.0,1.0,0,-1,0
5.859342201266905,1.0,56.70512044196239,56.70512044196239,789273.9779682842,16.60699871108774,42406.35854955376,0.0,0.0,1e-10,1e-10,2.4477315438435245,2161.396473050489,-8.717676673476223e-07,0.022451548833135226,14.0,13.641792156207568,11.611779801850762,1e-10,4.923394635984723e-05,2612.9872270679793,11.611779801850762,4.923394635984723e-05,1e-10,1e-10,5.8393422012669065,255157540.0866941,4.169987077249817e-11,1.3625701896380275e-07,940.1747015238536,1650.4421950690148,0.13600503352825713,0.0,0.0,0.0,1.0,0,-1,0
5.869342201266905,1.0,56.69638662448041,56.69638662448041,790956.5845852663,16.689517441120273,42323.919771076224,0.0,0.0,1e-10,1e-10,2.447473846038172,2143.8337017396525,-8.753711279762133e-07,0.022560803063537225,14.0,13.641792156207568,11.611780221423345,1e-10,4.9233948138834976e-05,2612.987179859981,11.611780221423345,4.9233948138834976e-05,1e-10,1e-10,5.8393422012669065,283381538.68162787,4.2276807529752566e-11,1.3623382499390158e-07,940.4150254740274,1650.653092403894,0.13600503023576113,0.0,0.0,0.0,1.0,0,-1,0
5.879342201266905,1.0,56.687616861386175,56.687616861386175,792644.8410981168,16.77327531307159,42240.6247095101,0.0,0.0,1e-10,1e-10,2.447214227390833,2126.220073259769,-8.789550773680685e-07,0.022671699848161808,14.0,13.641792156207568,11.611780646810866,1e-10,4.923394994247808e-05,2612.987131997719,11.611780646810866,4.923394994247808e-05,1e-10,1e-10,5.8393422012669065,312047006.760525,4.286407355526886e-11,1.3621053661069669e-07,940.6564301726663,1650.8649107370857,0.1360050268975259,0.0,0.0,0.0,1.0,0,-1,0
5.8893422012669046,1.0,56.67881135531832,56.67881135531832,794338.7715772531,16.858300601893536,42156.46190010805,0.0,0.0,1e-10,1e-10,2.4469526858445847,2108.5560352663847,-8.82517817687154e-07,0.022784276796746886,14.0,13.641792156207568,11.611781078117533,1e-10,4.9233951771218344e-05,2612.987083469472,11.611781078117533,4.9233951771218344e-05,1e-10,1e-10,5.8393422012669065,341162672.57273686,4.346187708473592e-11,1.3618715436728034e-07,940.8989111973993,1651.077645826041,0.13600502351273025,0.0,0.0,0.0,1.0,0,-1,0
5.899342201266904,1.0,56.669970326178166,56.669970326178166,796038.4006782154,16.944622391984016,42071.41973985644,0.0,0.0,1e-10,1e-10,2.4466892199020487,2090.8420644970097,-8.860575861505167e-07,0.022898572598602725,14.0,13.641792156207568,11.611781515449646,1e-10,4.923395362550649e-05,2612.987034263277,11.611781515449646,4.923395362550649e-05,1e-10,1e-10,5.8393422012669065,370737461.8818665,4.407043003687692e-11,1.3616367886263947e-07,941.1424636465767,1651.2912930082389,0.13600502008053642,0.0,0.0,0.0,1.0,0,-1,0
5.909342201266904,1.0,56.66109401178798,56.66109401178798,797743.7536661479,17.032270603775927,41985.486488055125,0.0,0.0,1e-10,1e-10,2.4464238286521995,2073.0786677945543,-8.895725530166498e-07,0.02301462705815137,14.0,13.641792156207568,11.611781958915634,1e-10,4.923395550580229e-05,2612.9869843669344,11.611781958915634,4.923395550580229e-05,1e-10,1e-10,5.8393422012669065,400780502.3516048,4.468994800091589e-11,1.3614011074339574e-07,941.387082120092,1651.505847184655,0.13600501660008982,0.0,0.0,0.0,1.0,0,-1,0
5.919342201266904,1.0,56.65218266856935,56.65218266856935,799454.8564411781,17.121276021327027,41898.650267006036,0.0,0.0,1e-10,1e-10,2.446156511798156,2055.2663831486307,-8.930608195367702e-07,0.023132481131807662,14.0,13.641792156207568,11.61178240862611,1e-10,4.9233957412574704e-05,2612.9869337679997,11.61178240862611,4.9233957412574704e-05,1e-10,1e-10,5.8393422012669065,431301127.98367566,4.532065021597187e-11,1.3611645070559876e-07,941.6327606995932,1651.7213028027154,0.13600501307051874,0.0,0.0,0.0,1.0,0,-1,0
5.929342201266904,1.0,56.64323657224229,56.64323657224229,801171.7355647095,17.211670320953978,41810.89906281472,0.0,0.0,1e-10,1e-10,2.445887269685958,2037.405780754088,-8.965204158704201e-07,0.02325217696625984,14.0,13.641792156207568,11.611782864693888,1e-10,4.9233959346302086e-05,2612.986882453781,11.611782864693888,4.9233959346302086e-05,1e-10,1e-10,5.8393422012669065,462308883.60390514,4.59627595416374e-11,1.360926994965727e-07,941.8794929280704,1651.9376538387164,0.13600500949093405,0.0,0.0,0.0,1.0,0,-1,0
5.9393422012669035,1.0,56.63425601854533,56.63425601854533,802894.4182866658,17.303486100955702,41722.22072630904,0.0,0.0,1e-10,1e-10,2.445616103334368,2019.4974640861794,-8.999492989672651e-07,0.023373757938210653,14.0,13.641792156207568,11.611783327234026,1e-10,4.923396130747226e-05,2612.9868304113297,11.611783327234026,4.923396130747226e-05,1e-10,1e-10,5.8393422012669065,493813529.39188224,4.661650241895515e-11,1.3606885791682e-07,942.1272717887947,1652.154893779696,0.13600500586042868,0.0,0.0,0.0,1.0,0,-1,0
5.949342201266902,1.0,56.62524132397685,56.62524132397685,804622.932573695,17.396756912473652,41632.60297407915,0.0,0.0,1e-10,1e-10,2.4453430144657133,2001.5420709915545,-9.033453504170515e-07,0.023497268695642892,14.0,13.641792156207568,11.611783796363854,1e-10,4.9233963296582754e-05,2612.986777627447,11.611783796363854,4.9233963296582754e-05,1e-10,1e-10,5.8393422012669065,525825045.44914335,4.728210882093783e-11,1.3604492682197908e-07,942.3760896836226,1652.3730156047634,0.13600500217807793,0.0,0.0,0.0,1.0,0,-1,0
5.959342201266903,1.0,56.61619282655815,56.61619282655815,806357.3071383687,17.491517291538848,41542.033389642835,0.0,0.0,1e-10,1e-10,2.4450680055377907,1983.5402747942665,-9.067063742700884e-07,0.023622755200676204,14.0,13.641792156207568,11.611784272203035,1e-10,4.923396531414087e-05,2612.9867240886674,11.611784272203035,4.923396531414087e-05,1e-10,1e-10,5.8393422012669065,558353636.4002324,4.795981219172521e-11,1.3602090712484062e-07,942.6259384106256,1652.592011765861,0.1360049984429385,0.0,0.0,0.0,1.0,0,-1,0
5.969342201266903,1.0,56.60711088661829,56.60711088661829,808097.5714693947,17.587802792357778,41450.499424741036,0.0,0.0,1e-10,1e-10,2.444791079776872,1965.492785415914,-9.100300948309591e-07,0.023750264774085348,14.0,13.641792156207568,11.611784754873565,1e-10,4.9233967360663925e-05,2612.986669781267,11.611784754873565,4.9233967360663925e-05,1e-10,1e-10,5.8393422012669065,591409736.0202668,4.8649849373409896e-11,1.3599679979741954e-07,942.8768091410665,1652.811874167966,0.13600499465404878,0.0,0.0,0.0,1.0,0,-1,0
5.979342201266903,1.0,56.597995887601186,56.597995887601186,809843.7558628664,17.685650021892105,41357.98840076763,0.0,0.0,1e-10,1e-10,2.4445122412118123,1947.4003505088529,-9.133141544284048e-07,0.023879846141553827,14.0,13.641792156207568,11.611785244499831,1e-10,4.9233969436679296e-05,2612.9866146912477,11.611785244499831,4.9233969436679296e-05,1e-10,1e-10,5.8393422012669065,625004011.8820356,4.9352460519486215e-11,1.3597260587308704e-07,943.1286923956799,1653.0325941487106,0.13600499081042816,0.0,0.0,0.0,1.0,0,-1,0
5.989342201266902,1.0,56.58884823689511,56.58884823689511,811595.8914545727,17.785096675789735,41264.487510338164,0.0,0.0,1e-10,1e-10,2.4442314947093,1929.2637566014137,-9.165561111648651e-07,0.0240115494817401,14.0,13.641792156207568,11.611785741208635,1e-10,4.923397154272462e-05,2612.9865588043467,11.611785741208635,4.923397154272462e-05,1e-10,1e-10,5.8393422012669065,659147370.0147924,5.006788899382014e-11,1.3594832644876024e-07,943.3815780202806,1653.2541624574235,0.13600498691107704,0.0,0.0,0.0,1.0,0,-1,0
5.999342201266903,1.0,56.57966836668466,56.57966836668466,813354.010253389,17.886181575727488,41169.98381900221,0.0,0.0,1e-10,1e-10,2.4439488460102665,1911.0838302539566,-9.197534366493412e-07,0.02414542647623753,14.0,13.641792156207568,11.611786245129215,1e-10,4.923397367934789e-05,2612.986502106018,11.611786245129215,4.923397367934789e-05,1e-10,1e-10,5.8393422012669065,693850959.5661919,5.079638125394769e-11,1.359239626871511e-07,943.6354551606661,1653.4765692335827,0.13600498295497648,0.0,0.0,0.0,1.0,0,-1,0
6.009342201266903,1.0,56.570456734825505,56.570456734825505,815118.1451757719,17.98894470822913,41074.464267103845,0.0,0.0,1e-10,1e-10,2.443664301767461,1892.861439224356,-9.229035137179735e-07,0.02428153036151369,14.0,13.641792156207568,11.611786756393304,1e-10,4.9233975847107596e-05,2612.986444581445,11.611786756393304,4.9233975847107596e-05,1e-10,1e-10,5.8393422012669065,729126177.4578372,5.153818671744425e-11,1.3589951581907573e-07,943.8903122368256,1653.6998039846774,0.13600497894108804,0.0,0.0,0.0,1.0,0,-1,0
6.019342201266903,1.0,56.56121382574194,56.56121382574194,816888.3300813744,18.09342726502492,40977.91567179539,0.0,0.0,1e-10,1e-10,2.4433778695842405,1874.5974936416424,-9.260036341468449e-07,0.02441991598291804,14.0,13.641792156207568,11.61178727513512,1e-10,4.923397804657291e-05,2612.9863862155225,11.61178727513512,4.923397804657291e-05,1e-10,1e-10,5.8393422012669065,764984673.0240549,5.22935576100084e-11,1.3587498714582286e-07,944.1461369164388,1653.9238555634709,0.13600497486835333,0.0,0.0,0.0,1.0,0,-1,0
6.029342201266903,1.0,56.55194015134739,56.55194015134739,818664.5998098081,18.19967168502311,40880.324729208776,0.0,0.0,1e-10,1e-10,2.443089558054542,1856.2929471861587,-9.290509963623885e-07,0.02456063985085263,14.0,13.641792156207568,11.611787801491435,1e-10,4.9233980278323685e-05,2612.9863269928633,11.611787801491435,4.9233980278323685e-05,1e-10,1e-10,5.8393422012669065,801438352.6224058,5.3062748793832075e-11,1.358503780415823e-07,944.402916087665,1654.1487121446646,0.1360049707356941,0.0,0.0,0.0,1.0,0,-1,0
6.039342201266901,1.0,56.542636251987616,56.542636251987616,820446.9902185607,18.3077216979664,40781.67801679023,0.0,0.0,1e-10,1e-10,2.442799376804123,1837.9487982746853,-9.320427031549644e-07,0.024703760199203992,14.0,13.641792156207568,11.611788335601563,1e-10,4.923398254295064e-05,2612.986266897793,11.611788335601563,4.923398254295064e-05,1e-10,1e-10,5.8393422012669065,838499384.2034421,5.3846017574715346e-11,1.358256899559336e-07,944.6606358312304,1654.3743612009748,0.1360049665420118,0.0,0.0,0.0,1.0,0,-1,0
6.049342201266901,1.0,56.53330269740693,56.53330269740693,822235.5382220909,18.417622369851177,40681.961995802354,0.0,0.0,1e-10,1e-10,2.442507336533008,1819.566091248688,-9.34975759402025e-07,0.02484933704614091,14.0,13.641792156207568,11.611788877607415,1e-10,4.923398484105545e-05,2612.986205914344,11.611788877607415,4.923398484105545e-05,1e-10,1e-10,5.8393422012669065,876180201.8259065,5.464362348630582e-11,1.3580092441639436e-07,944.9192813917888,1654.6007894785876,0.1360049622861875,0.0,0.0,0.0,1.0,0,-1,0
6.059342201266903,1.0,56.52394008773698,56.52394008773698,824030.2818321193,18.529420150190166,40581.16301399961,0.0,0.0,1e-10,1e-10,2.442213449059216,1801.145917563876,-9.378470698076996e-07,0.024997432257386504,14.0,13.641792156207568,11.611789427653495,1e-10,4.923398717325082e-05,2612.9861440262584,11.611789427653495,4.923398717325082e-05,1e-10,1e-10,5.8393422012669065,914493510.1025023,5.5455828049721326e-11,1.3577608303102866e-07,945.1788371485782,1654.8279829720316,0.1360049579670817,0.0,0.0,0.0,1.0,0,-1,0
6.0693422012669025,1.0,56.51454905450803,56.51454905450803,825831.2601991188,18.64316292120421,40479.26730848183,0.0,0.0,1e-10,1e-10,2.441917727363736,1782.689416979014,-9.406534366664327e-07,0.02514810961207969,14.0,13.641792156207568,11.611789985886938,1e-10,4.923398954016062e-05,2612.986081216981,11.611789985886938,4.923398954016062e-05,1e-10,1e-10,5.8393422012669065,953452288.5597856,5.628289450672009e-11,1.3575116749111222e-07,945.4392865853767,1655.0559268984582,0.13600495358353412,0.0,0.0,0.0,1.0,0,-1,0
6.0793422012669005,1.0,56.50513026168251,56.50513026168251,827638.5136550206,18.758900049032853,40376.26100873114,0.0,0.0,1e-10,1e-10,2.441620185636784,1764.1977787418493,-9.433915576588429e-07,0.0253014348713468,14.0,13.641792156207568,11.611790552457506,1e-10,4.923399194241982e-05,2612.9860174696632,11.611790552457506,4.923399194241982e-05,1e-10,1e-10,5.8393422012669065,993069795.8944695,5.7125087524453215e-11,1.3572617957385838e-07,945.7006122597504,1655.2846056713274,0.13600494913436378,0.0,0.0,0.0,1.0,0,-1,0
6.0893422012669,1.0,56.49568440671043,56.49568440671043,829452.0837571514,18.87668243705804,40272.13013983773,0.0,0.0,1e-10,1e-10,2.4413208393253267,1745.6722427698596,-9.460580236888607e-07,0.02545747584971019,14.0,13.641792156207568,11.611791127517614,1e-10,4.9233994380674686e-05,2612.985952767153,11.611791127517614,4.9233994380674686e-05,1e-10,1e-10,5.8393422012669065,1033359574.1067617,5.79826728697294e-11,1.3570112114519933e-07,945.962795771607,1655.5140028735134,0.1360049446183686,0.0,0.0,0.0,1.0,0,-1,0
6.0993422012669,1.0,56.486212221606074,56.486212221606074,831272.0133333917,18.996562581440394,40166.86062591978,0.0,0.0,1e-10,1e-10,2.44101970518188,1727.1141008234138,-9.486493167718856e-07,0.0256163024894672,14.0,13.641792156207568,11.611791711222356,1e-10,4.923399685558279e-05,2612.9858870920043,11.611791711222356,4.923399685558279e-05,1e-10,1e-10,5.8393422012669065,1074335452.4897175,5.885591705058315e-11,1.3567599416262374e-07,946.2258177310733,1655.7441012298432,0.1360049400343255,0.0,0.0,0.0,1.0,0,-1,0
6.1093422012669,1.0,56.47671447404568,56.47671447404568,833098.3465285774,19.118594628972552,40060.43829374295,0.0,0.0,1e-10,1e-10,2.440716801314591,1708.524697668741,-9.51161807984552e-07,0.02577798693818039,14.0,13.641792156207568,11.611792303729464,1e-10,4.923399936781294e-05,2612.9858204264674,11.611792303729464,4.923399936781294e-05,1e-10,1e-10,5.8393422012669065,1116011551.4518683,5.974508692281234e-11,1.3565080067806921e-07,946.489657725702,1655.9748825790762,0.13600493538099034,0.0,0.0,0.0,1.0,0,-1,0
6.1193422012669005,1.0,56.467191968485224,56.467191968485224,834931.1288521289,19.242834437359356,39952.84887654516,0.0,0.0,1e-10,1e-10,2.4404121472385762,1689.9054322280322,-9.535917554876149e-07,0.025942603629426342,14.0,13.641792156207568,11.611792905199358,1e-10,4.923400191804528e-05,2612.9857527524937,11.611792905199358,4.923400191804528e-05,1e-10,1e-10,5.8393422012669065,1158402286.1483526,6.065044925901434e-11,1.3562554284086594e-07,946.7542942870288,1656.2063278453468,0.136004930657098,0.0,0.0,0.0,1.0,0,-1,0
6.129342201266898,1.0,56.457645547297574,56.457645547297574,836770.4072269142,19.36933963804113,39844.07801807193,0.0,0.0,1e-10,1e-10,2.440105763928504,1671.2577587137314,-9.55935302634312e-07,0.026110229366959427,14.0,13.641792156207568,11.611793515795116,1e-10,4.92340045069713e-05,2612.9856840517364,11.611793515795116,4.92340045069713e-05,1e-10,1e-10,5.8393422012669065,1201522369.8939,6.157227027750279e-11,1.3560022290073302e-07,947.0197048564944,1656.4384170090714,0.1360049258613621,0.0,0.0,0.0,1.0,0,-1,0
6.139342201266898,1.0,56.448076091928215,56.448076091928215,838616.2300393358,19.498169701681448,39734.11127682831,0.0,0.0,1e-10,1e-10,2.439797673872444,1652.583187744076,-9.58188476177586e-07,0.02628094341245352,14.0,13.641792156207568,11.611794135682473,1e-10,4.923400713529369e-05,2612.985614305546,11.611794135682473,4.923400713529369e-05,1e-10,1e-10,5.8393422012669065,1245386817.3287404,6.251081512833659e-11,1.3557484321082055e-07,947.2858657507696,1656.6711290773687,0.13600492099247533,0.0,0.0,0.0,1.0,0,-1,0
6.149342201266898,1.0,56.43848452406826,56.43848452406826,840468.6471906288,19.62938600644832,39622.934130552814,0.0,0.0,1e-10,1e-10,2.4394879011268986,1633.8832874366253,-9.603471845906325e-07,0.02645482757699518,14.0,13.641792156207568,11.611794765029805,1e-10,4.9234009803726376e-05,2612.9855434949786,11.611794765029805,4.9234009803726376e-05,1e-10,1e-10,5.8393422012669065,1290010947.3061848,6.34663473335496e-11,1.3554940623079851e-07,947.5527521264944,1656.9044420539926,0.13600491604910947,0.0,0.0,0.0,1.0,0,-1,0
6.159342201266898,1.0,56.42887180684392,56.42887180684392,842327.710149358,19.763051909223574,39510.53198091928,0.0,0.0,1e-10,1e-10,2.4391764713730515,1615.1596844764954,-9.624072165161849e-07,0.02663196631650954,14.0,13.641792156207568,11.611795404008124,1e-10,4.923401251299444e-05,2612.985471600794,11.611795404008124,4.923401251299444e-05,1e-10,1e-10,5.8393422012669065,1335410385.4682784,6.443912817849035e-11,1.355239145299868e-07,947.8203379444743,1657.1383329088208,0.13600491102991552,0.0,0.0,0.0,1.0,0,-1,0
6.169342201266898,1.0,56.41923894602049,56.41923894602049,844193.4720050866,19.899232819883686,39396.89015847232,0.0,0.0,1e-10,1e-10,2.438863411974151,1596.4140651557432,-9.64364239361205e-07,0.026812446831310673,14.0,13.641792156207568,11.611796052791025,1e-10,4.923401526383394e-05,2612.985398603459,11.611796052791025,4.923401526383394e-05,1e-10,1e-10,5.8393422012669065,1381601066.4731438,6.542941605103155e-11,1.3549837079052394e-07,948.0885959333756,1657.3727775469297,0.13600490593352396,0.0,0.0,0.0,1.0,0,-1,0
6.1793422012668975,1.0,56.409586991220074,56.409586991220074,846065.9875231981,20.03799627880132,39281.993927802556,0.0,0.0,1e-10,1e-10,2.4385487520340305,1577.6481763803204,-9.662137980548029e-07,0.02699635916997808,14.0,13.641792156207568,11.611796711554682,1e-10,4.923401805699185e-05,2612.985324483154,11.611796711554682,4.923401805699185e-05,1e-10,1e-10,5.8393422012669065,1428599235.8349555,6.643746572523154e-11,1.3547277781057005e-07,948.3574975529448,1657.6077507772907,0.13600490075854496,0.0,0.0,0.0,1.0,0,-1,0
6.189342201266898,1.0,56.39991703715057,56.39991703715057,847945.3132008356,20.179412037727207,39165.828492966895,0.0,0.0,1e-10,1e-10,2.4382325224566723,1558.8638266406713,-9.679513139884372e-07,0.027183796337772938,14.0,13.641792156207568,11.611797380477798,1e-10,4.9234020893225873e-05,2612.9852492197697,11.611797380477798,4.9234020893225873e-05,1e-10,1e-10,5.8393422012669065,1476421451.3344288,6.746352758585229e-11,1.3544713850753966e-07,948.6270129568204,1657.8432262811318,0.13600489550356865,0.0,0.0,0.0,1.0,0,-1,0
6.199342201266898,1.0,56.39023022484466,56.39023022484466,849831.507323912,20.323552144218084,39048.379003160735,0.0,0.0,1e-10,1e-10,2.437914756006811,1540.062886942111,-9.695720841587354e-07,0.027374854409816952,14.0,13.641792156207568,11.611798059741552,1e-10,4.9234023773304184e-05,2612.985172792925,11.611798059741552,4.9234023773304184e-05,1e-10,1e-10,5.8393422012669065,1525084583.9546099,6.850784678996275e-11,1.3542145592135894e-07,948.897110954976,1658.0791765800107,0.1360048901671655,0.0,0.0,0.0,1.0,0,-1,0
6.209342201266898,1.0,56.380527742906246,56.380527742906246,851724.6300251625,20.470491029787983,38929.63055864711,0.0,0.0,1e-10,1e-10,2.4375954873714702,1521.2472916907398,-9.710712805347034e-07,0.02756963264927229,14.0,13.641792156207568,11.611798749529544,1e-10,4.923402669800528e-05,2612.9850951819594,11.611798749529544,4.923402669800528e-05,1e-10,1e-10,5.8393422012669065,1574605818.2933795,6.957066236167104e-11,1.3539573321774193e-07,949.167758975862,1658.3155730036483,0.13600488474788675,0.0,0.0,0.0,1.0,0,-1,0
6.2193422012668975,1.0,56.3708108287621,56.3708108287621,853624.743343165,20.620305601967747,38809.56821694956,0.0,0.0,1e-10,1e-10,2.4372747532223777,1502.4190395307212,-9.724439496723685e-07,0.02776823363077033,14.0,13.641792156207568,11.611799450027744,1e-10,4.9234029668117636e-05,2612.98501636595,11.611799450027744,4.9234029668117636e-05,1e-10,1e-10,5.8393422012669065,1625002652.4004636,7.065220621584322e-11,1.353699736914801e-07,949.4389230283127,1658.5523856575912,0.13600487924426513,0.0,0.0,0.0,1.0,0,-1,0
6.229342201266898,1.0,56.36108076991621,56.36108076991621,855531.9112822908,20.773075340469894,38688.176999314135,0.0,0.0,1e-10,1e-10,2.436952592279186,1483.5801941283262,-9.736850126014956e-07,0.02797076336935443,14.0,13.641792156207568,11.611800161424398,1e-10,4.923403268443945e-05,2612.984936323717,11.611800161424398,4.923403268443945e-05,1e-10,1e-10,5.8393422012669065,1676292896.9831152,7.175270210647435e-11,1.3534418076973647e-07,949.7105676632854,1658.7895833907517,0.1360048736548151,0.0,0.0,0.0,1.0,0,-1,0
6.239342201266898,1.0,56.35133890520415,56.35133890520415,857446.1998734897,20.928882397664765,38565.44189744725,0.0,0.0,1e-10,1e-10,2.436629045373377,1464.7328848983145,-9.747892650103883e-07,0.028177331455212982,14.0,13.641792156207568,11.611800883909945,1e-10,4.923403574777816e-05,2612.984855033834,11.611800883909945,4.923403574777816e-05,1e-10,1e-10,5.8393422012669065,1728494673.920488,7.287236449519419e-11,1.3531835801534008e-07,949.9826559355196,1659.0271337629085,0.13600486797803382,0.0,0.0,0.0,1.0,0,-1,0
6.249342201266898,1.0,56.34158662604383,56.34158662604383,859367.6772358508,21.087811703587207,38441.347880534864,0.0,0.0,1e-10,1e-10,2.4363041555127816,1445.8793076678103,-9.75751377756435e-07,0.028388051194497037,14.0,13.641792156207568,11.611801617676926,1e-10,4.923403885895016e-05,2612.9847724746373,11.611801617676926,4.923403885895016e-05,1e-10,1e-10,5.8393422012669065,1781626414.0226343,7.401139733519302e-11,1.3529250913006912e-07,950.2551493652087,1659.265003012245,0.1360048622124018,0.0,0.0,0.0,1.0,0,-1,0
6.2593422012668976,1.0,56.33182537767993,56.33182537767993,861296.4136388388,21.249951075704168,38315.87990254961,0.0,0.0,1e-10,1e-10,2.435977967946562,1427.0217252728535,-9.765658977315643e-07,0.02860303975653207,14.0,13.641792156207568,11.611802362919875,1e-10,4.9234042018780264e-05,2612.9846886242385,11.611802362919875,4.9234042018780264e-05,1e-10,1e-10,5.8393422012669065,1835706853.9655054,7.51699927656706e-11,1.3526663795791517e-07,950.528007899767,1659.5031560229934,0.13600485635638376,0.0,0.0,0.0,1.0,0,-1,0
6.2693422012668965,1.0,56.322056660417786,56.322056660417786,863232.4815651078,21.415391333687225,38189.02290985155,0.0,0.0,1e-10,1e-10,2.4356505302305607,1408.1624680826,-9.772272491134668e-07,0.02882241832775085,14.0,13.641792156207568,11.611803119835177,1e-10,4.923404522810114e-05,2612.9846034605434,11.611803119835177,4.923404522810114e-05,1e-10,1e-10,5.8393422012669065,1890755032.3287575,7.634832971172185e-11,1.3524074848832005e-07,950.8011898758173,1659.7415562933031,0.13600485040842966,0.0,0.0,0.0,1.0,0,-1,0
6.279342201266898,1.0,56.31228203084314,56.31228203084314,865175.9557737813,21.584226419447347,38060.76184908897,0.0,0.0,1e-10,1e-10,2.435321892292845,1389.3039344460724,-9.777297350350131e-07,0.02904631227269315,14.0,13.641792156207568,11.611803888620953,1e-10,4.923404848775284e-05,2612.9845169612595,11.611803888620953,4.923404848775284e-05,1e-10,1e-10,5.8393422012669065,1946790284.6580703,7.754657238439531e-11,1.3521484485937295e-07,951.0746519814992,1659.9801659034101,0.13600484436697566,0.0,0.0,0.0,1.0,0,-1,0
6.289342201266898,1.0,56.30250310302293,56.30250310302293,867126.9133640759,21.756553522704053,37931.08167540522,0.0,0.0,1e-10,1e-10,2.4349921064993008,1370.448591056246,-9.780675397060349e-07,0.029274851302437236,14.0,13.641792156207568,11.611804669476895,1e-10,4.9234051798582035e-05,2612.984429103921,11.611804669476895,4.9234051798582035e-05,1e-10,1e-10,5.8393422012669065,2003832237.4686093,7.876486867548731e-11,1.3518893136095636e-07,951.3483492192344,1660.2189454842267,0.13600483823044562,0.0,0.0,0.0,1.0,0,-1,0
6.299342201266898,1.0,56.29272154968316,56.29272154968316,869085.4338391271,21.932473212376685,37799.96736095779,0.0,0.0,1e-10,1e-10,2.4346612277191237,1351.598973226128,-9.782347310232988e-07,0.02950816965084885,14.0,13.641792156207568,11.611805462604089,1e-10,4.923405516144132e-05,2612.9843398659023,11.611805462604089,4.923405516144132e-05,1e-10,1e-10,5.8393422012669065,2061900801.1007679,8.000334844147002e-11,1.3516301243782934e-07,951.6222348690864,1660.4578541864767,0.1360048319972522,0.0,0.0,0.0,1.0,0,-1,0
6.3093422012668965,1.0,56.28293910335804,56.28293910335804,871051.5991698703,22.11208957410204,37667.40390375545,0.0,0.0,1e-10,1e-10,2.4343293133899606,1332.7576850714318,-9.782252637061731e-07,0.029746406259056238,14.0,13.641792156207568,11.611806268204827,1e-10,4.923405857718847e-05,2612.984249224441,11.611806268204827,4.923405857718847e-05,1e-10,1e-10,5.8393422012669065,2121016161.333541,8.12621216708011e-11,1.3513709269263506e-07,951.8962604528444,1660.69684965048,0.13600482566579827,0.0,0.0,0.0,1.0,0,-1,0
6.319342201266895,1.0,56.27315755750549,56.27315755750549,873025.4938588116,22.295510354199767,37533.37633682014,0.0,0.0,1e-10,1e-10,2.433996423582576,1313.9273995944045,-9.780329829971585e-07,0.02998970496858142,14.0,13.641792156207568,11.611807086482422,1e-10,4.923406204668547e-05,2612.984157156665,11.611807086482422,4.923406204668547e-05,1e-10,1e-10,5.8393422012669065,2181198769.654952,8.25412765287261e-11,1.3511117688881634e-07,952.1703756990233,1660.9358879767542,0.13600481923447882,0.0,0.0,0.0,1.0,0,-1,0
6.329342201266893,1.0,56.26337876758305,56.26337876758305,875007.205003508,22.482847110426427,37397.86973767878,0.0,0.0,1e-10,1e-10,2.4336626210647254,1295.110858663225,-9.776516289682085e-07,0.030238214723585483,14.0,13.641792156207568,11.611807917640952,1e-10,4.9234065570797635e-05,2612.984063639612,11.611807917640952,4.9234065570797635e-05,1e-10,1e-10,5.8393422012669065,2242469332.082674,8.384087727357581e-11,1.3508526995342623e-07,952.4445285089107,1661.1749236975477,0.13600481270168255,0.0,0.0,0.0,1.0,0,-1,0
6.339342201266893,1.0,56.25360465207776,56.25360465207776,876996.8223595541,22.674215369877373,37260.86923819209,0.0,0.0,1e-10,1e-10,2.4333279713640867,1276.310872881511,-9.770748414752323e-07,0.030492089782708464,14.0,13.641792156207568,11.611808761885026,1e-10,4.923406915039251e-05,2612.983968650261,11.611808761885026,4.923406915039251e-05,1e-10,1e-10,5.8393422012669065,2304848796.4213896,8.516096203845561e-11,1.3505937697981492e-07,952.7186649238872,1661.4139097494992,0.13600480606579388,0.0,0.0,0.0,1.0,0,-1,0
6.349342201266895,1.0,56.24383719348365,56.24383719348365,878994.4384028721,22.86973479441873,37122.36003472535,0.0,0.0,1e-10,1e-10,2.432992542829913,1257.5303213422744,-9.762961658049022e-07,0.030751489941016737,14.0,13.641792156207568,11.611809619419512,1e-10,4.923407278633874e-05,2612.983872165563,11.611809619419512,4.923407278633874e-05,1e-10,1e-10,5.8393422012669065,2368358337.8367205,8.65015404721722e-11,1.3503350323017688e-07,952.9927290941748,1661.6527974475516,0.13600479932519507,0.0,0.0,0.0,1.0,0,-1,0
6.3593422012668945,1.0,56.23407843921961,56.23407843921961,881000.1483910612,23.069529354052033,36982.32739866795,0.0,0.0,1e-10,1e-10,2.432656406693148,1238.7721512608666,-9.753090590592552e-07,0.031016580762596824,14.0,13.641792156207568,11.61181049044924,1e-10,4.923407647950477e-05,2612.9837741624706,11.61181049044924,4.923407647950477e-05,1e-10,1e-10,5.8393422012669065,2433019342.6183944,8.78625912332027e-11,1.3500765413793937e-07,953.2666632492557,1661.8915364603326,0.13600479247826866,0.0,0.0,0.0,1.0,0,-1,0
6.369342201266893,1.0,56.22433050247981,56.22433050247981,883014.0504235668,23.27372750863952,36840.75668730707,0.0,0.0,1e-10,1e-10,2.432319637124709,1220.0393774813354,-9.741068973250915e-07,0.03128753382436858,14.0,13.641792156207568,11.611811375178675,1e-10,4.923408023075758e-05,2612.9836746179794,11.611811375178675,4.923408023075758e-05,1e-10,1e-10,5.8393422012669065,2498853389.9981184,8.924405933052159e-11,1.3498183530996985e-07,953.5404076701776,1662.1300747871915,0.13600478552339976,0.0,0.0,0.0,1.0,0,-1,0
6.379342201266893,1.0,56.21459556300904,56.21459556300904,885036.2455003903,23.48246239844252,36697.63335506162,0.0,0.0,1e-10,1e-10,2.4319823112915966,1201.3350818507793,-9.726829836764128e-07,0.03156452697172433,14.0,13.641792156207568,11.611812273811585,1e-10,4.9234084040961124e-05,2612.983573509164,11.611812273811585,4.9234084040961124e-05,1e-10,1e-10,5.8393422012669065,2565882231.8799715,9.064585330515764e-11,1.3495605252858547e-07,953.8139006639682,1662.3683587370651,0.1360047784589791,0.0,0.0,0.0,1.0,0,-1,0
6.389342201266893,1.0,56.20487586779417,56.20487586779417,887066.8375790522,23.695872043952626,36552.94296508207,0.0,0.0,1e-10,1e-10,2.4316445094104657,1182.6624124563334,-9.710305570592596e-07,0.031847744586635286,14.0,13.641792156207568,11.611813186550634,1e-10,4.923408791097468e-05,2612.983470813222,11.611813186550634,4.923408791097468e-05,1e-10,1e-10,5.8393422012669065,2634127770.333359,9.206784224644951e-11,1.3493031175333686e-07,954.0870785404384,1662.6063329094434,0.13600477128340574,0.0,0.0,0.0,1.0,0,-1,0
6.399342201266893,1.0,56.19517373166261,56.19517373166261,889105.9336294987,23.914099555524224,36406.67120122195,0.0,0.0,1e-10,1e-10,2.431306314798305,1164.0245827195527,-9.691428021093742e-07,0.0321373778689065,14.0,13.641792156207568,11.611814113597006,1e-10,4.9234091841651285e-05,2612.983366507518,11.611814113597006,4.9234091841651285e-05,1e-10,1e-10,5.8393422012669065,2703612032.690677,9.350985263714352e-11,1.3490461912254735e-07,954.3598755916213,1662.8439401776154,0.1360047639950905,0.0,0.0,0.0,1.0,0,-1,0
6.4093422012668935,1.0,56.18549153777857,56.18549153777857,891153.6436866138,24.13729335334724,36258.80388038674,0.0,0.0,1e-10,1e-10,2.4309678139198017,1145.4248703431192,-9.67012859953788e-07,0.03243362513130092,14.0,13.641792156207568,11.61181505514994,1e-10,4.9234095833835743e-05,2612.983260569635,11.61181505514994,4.9234095833835743e-05,1e-10,1e-10,5.8393422012669065,2774357144.083607,9.497166502170285e-11,1.348789809545787e-07,954.6322240741428,1663.0811216744628,0.13600475659245928,0.0,0.0,0.0,1.0,0,-1,0
6.419342201266893,1.0,56.17583173802661,56.17583173802661,893210.0808999815,24.36560739833176,36109.326965265514,0.0,0.0,1e-10,1e-10,2.430629096430992,1126.8666161049928,-9.646338400480287e-07,0.032736692109297534,14.0,13.641792156207568,11.611816011406276,1e-10,4.923409988836261e-05,2612.9831529774265,11.611816011406276,4.923409988836261e-05,1e-10,1e-10,5.8393422012669065,2846385297.2436304,9.645301049251752e-11,1.3485340374879756e-07,954.9040541948227,1663.317816781063,0.13600474907395685,0.0,0.0,0.0,1.0,0,-1,0
6.429342201266893,1.0,56.1661968532723,56.1661968532723,895275.3615805219,24.59920143451125,35958.226577450936,0.0,0.0,1e-10,1e-10,2.430290255218692,1108.353222495321,-9.619988331008826e-07,0.03304679228629464,14.0,13.641792156207568,11.61181698255993,1e-10,4.9234104006054105e-05,2612.983043709076,11.61181698255993,4.9234104006054105e-05,1e-10,1e-10,5.8393422012669065,2919718719.3841553,9.795356698910151e-11,1.348278941862169e-07,955.1752940998184,1663.5539631183535,0.13600474143805089,0.0,0.0,0.0,1.0,0,-1,0
6.439342201266893,1.0,56.15658947348866,56.15658947348866,897349.6052435894,24.83824124360729,35805.48901095276,0.0,0.0,1e-10,1e-10,2.4299513864352806,1089.8881521917463,-9.59100925138537e-07,0.033364147235118234,14.0,13.641792156207568,11.611817968801345,1e-10,4.92341081877177e-05,2612.982932743155,11.611817968801345,4.92341081877177e-05,1e-10,1e-10,5.8393422012669065,2994379635.9728765,9.947295540586605e-11,1.3480245912977976e-07,955.445869867646,1663.7894965421578,0.13600473368323635,0.0,0.0,0.0,1.0,0,-1,0
6.4493422012668935,1.0,56.14701225773676,56.14701225773676,899432.9346481134,25.082898912439212,35651.100746110445,0.0,0.0,1e-10,1e-10,2.4296125895283063,1071.4749263690092,-9.559332127595548e-07,0.0336889869767486,14.0,13.641792156207568,11.611818970316909,1e-10,4.9234112434143704e-05,2612.982820058693,11.611818970316909,4.9234112434143704e-05,1e-10,1e-10,5.8393422012669065,3070390231.1949053,1.0101073550467141e-10,1.3477710562425743e-07,955.715705506425,1664.0243511418603,0.13600472580803993,0.0,0.0,0.0,1.0,0,-1,0
6.459342201266893,1.0,56.137467933988546,56.137467933988546,901525.4758313241,25.333353113903733,35495.048463909385,0.0,0.0,1e-10,1e-10,2.4292739672643604,1053.117122839096,-9.524888196312408e-07,0.03402155035723424,14.0,13.641792156207568,11.611819987288328,1e-10,4.923411674610251e-05,2612.9827056352483,11.611819987288328,4.923411674610251e-05,1e-10,1e-10,5.8393422012669065,3147772604.89857,1.0256640162910592e-10,1.3475184089572838e-07,955.9847229557092,1664.2584592430396,0.13600471781102536,0.0,0.0,0.0,1.0,0,-1,0
6.469342201266893,1.0,56.12795929877906,56.12795929877906,903627.3581385844,25.58978940229484,35337.31906070608,0.0,0.0,1e-10,1e-10,2.4289356257466954,1034.8183740185823,-9.487609142766407e-07,0.03436208544382199,14.0,13.641792156207568,11.611821019891947,1e-10,4.923412112434185e-05,2612.9825894529777,11.611821019891947,4.923412112434185e-05,1e-10,1e-10,5.8393422012669065,3226548725.807729,1.0413937821831106e-10,1.347266723506051e-07,956.2528420932887,1664.491751414399,0.13600470969079828,0.0,0.0,0.0,1.0,0,-1,0
6.479342201266893,1.0,56.118489216675044,56.118489216675044,905738.7142478336,25.85240052378176,35177.89966336715,0.0,0.0,1e-10,1e-10,2.4285976744259594,1016.5823647202916,-9.447427291995644e-07,0.03471084994139565,14.0,13.641792156207568,11.611822068298025,1e-10,4.923412556958362e-05,2612.982471492727,11.611822068298025,4.923412556958362e-05,1e-10,1e-10,5.8393422012669065,3306740380.776382,1.0572901511921985e-10,1.34701607574175e-07,956.5199807473413,1664.7241564793023,0.13600470144601234,0.0,0.0,0.0,1.0,0,-1,0
6.4893422012668935,1.0,56.10906061954628,56.10906061954628,907859.680188098,26.121386742915195,35016.777644826274,0.0,0.0,1e-10,1e-10,2.4282602261034483,998.412829766772,-9.404275813926701e-07,0.03506811163038509,14.0,13.641792156207568,11.611823132669981,1e-10,4.923413008252072e-05,2612.982351736109,11.611823132669981,4.923413008252072e-05,1e-10,1e-10,5.8393422012669065,3388369119.8537765,1.0733458269728168e-10,1.3467665432861794e-07,956.7860547143626,1664.9556015322955,0.13600469307537494,0.0,0.0,0.0,1.0,0,-1,0
6.499342201266893,1.0,56.09967650562585,56.09967650562585,909990.3953515416,26.39695618608552,34853.94064006404,0.0,0.0,1e-10,1e-10,2.4279233969262357,980.3135514237348,-9.358088942703466e-07,0.03543414882737903,14.0,13.641792156207568,11.61182421316357,1e-10,4.923413466381355e-05,2612.9822301656,11.61182421316357,4.923413466381355e-05,1e-10,1e-10,5.8393422012669065,3471456196.921146,1.089552667471385e-10,1.3465182055046531e-07,957.0509777832782,1665.186011960943,0.1360046845776539,0.0,0.0,0.0,1.0,0,-1,0
6.509342201266893,1.0,56.09033993834464,56.09033993834464,912131.0024984523,26.6793252029164,34689.37656251452,0.0,0.0,1e-10,1e-10,2.4275873063735105,962.2883566520952,-9.308802210646593e-07,0.03580925086975347,14.0,13.641792156207568,11.611825309926026,1e-10,4.9234139314086326e-05,2612.982106764637,11.611825309926026,4.9234139314086326e-05,1e-10,1e-10,5.8393422012669065,3556022505.6544843,1.1059016320635252e-10,1.3462711434746088e-07,957.3146617661807,1665.4153114733751,0.13600467595168408,0.0,0.0,0.0,1.0,0,-1,0
6.519342201266893,1.0,56.081054044925395,56.081054044925395,914281.6477545879,26.968718746639386,34523.07362090274,0.0,0.0,1e-10,1e-10,2.4272520772333968,944.3411141778777,-9.256352697176668e-07,0.036193718625711316,14.0,13.641792156207568,11.611826423095096,1e-10,4.923414403392321e-05,2612.9819815177193,11.611826423095096,4.923414403392321e-05,1e-10,1e-10,5.8393422012669065,3642088510.5621743,1.1223827267709435e-10,1.3460254399478563e-07,957.5770165361372,1665.643422131909,0.13600466719637488,0.0,0.0,0.0,1.0,0,-1,0
6.529342201266894,1.0,56.071822014721505,56.071822014721505,916442.480600246,27.265370774561767,34355.02033651666,0.0,0.0,1e-10,1e-10,2.426917835569612,926.475731379964,-9.200679292982923e-07,0.03658786503121682,14.0,13.641792156207568,11.61182755279813,1e-10,4.9234148823864084e-05,2612.98185441052,11.61182755279813,4.9234148823864084e-05,1e-10,1e-10,5.8393422012669065,3729674172.8414407,1.1389849476282212e-10,1.3457811793060678e-07,957.8379500725148,1665.8702643931333,0.1360046583107178,0.0,0.0,0.0,1.0,0,-1,0
6.539342201266893,1.0,56.06264709728465,56.06264709728465,918613.6538504164,27.569524669812285,34185.20556091731,0.0,0.0,1e-10,1e-10,2.4265847106771545,908.6961509963193,-9.14172297965274e-07,0.03699201565540418,14.0,13.641792156207568,11.611828699151001,1e-10,4.923415368440023e-05,2612.981725430004,11.611828699151001,4.923415368440023e-05,1e-10,1e-10,5.8393422012669065,3818798870.793814,1.155696222293244e-10,1.3455384475090963e-07,958.0973685142967,1666.0957571548597,0.13600464929379466,0.0,0.0,0.0,1.0,0,-1,0
6.5493422012668905,1.0,56.05353260014633,56.05353260014633,920795.323625362,27.88143368562588,34013.618494089904,0.0,0.0,1e-10,1e-10,2.4262528350263075,891.0063476500885,-9.079427124905106e-07,0.03740650929614245,14.0,13.641792156207568,11.611829862257006,1e-10,4.923415861596971e-05,2612.9815945645482,11.611829862257006,4.923415861596971e-05,1e-10,1e-10,5.8393422012669065,3909481314.53772,1.1725033500217306e-10,1.34529733203572e-07,958.3551762218542,1666.3198178103314,0.13600464014478636,0.0,0.0,0.0,1.0,0,-1,0
6.5593422012668885,1.0,56.044481886297284,56.044481886297284,922987.6493109378,28.201361413510146,33840.24870303915,0.0,0.0,1e-10,1e-10,2.4259223441941904,873.4103241977823,-9.013737793484894e-07,0.0378316986075461,14.0,13.641792156207568,11.611831042205743,1e-10,4.923416361895235e-05,2612.9814618040728,11.611831042205743,4.923416361895235e-05,1e-10,1e-10,5.8393422012669065,4001739454.755426,1.1893919401560326e-10,1.3450579218164046e-07,958.611275847643,1666.5423623100946,0.13600463086298173,0.0,0.0,0.0,1.0,0,-1,0
6.569342201266888,1.0,56.035498371349256,56.035498371349256,925190.793507962,28.52958227672509,33665.086140830965,0.0,0.0,1e-10,1e-10,2.42559337678306,855.9121079025743,-8.944604073678833e-07,0.038267950761339285,14.0,13.641792156207568,11.611832239071873,1e-10,4.9234168693664726e-05,2612.9813271401795,11.611832239071873,4.9234168693664726e-05,1e-10,1e-10,5.8393422012669065,4095590385.213078,1.2063463493116363e-10,1.3448203071576585e-07,958.8655684163068,1666.7633052319406,0.1360046214477874,0.0,0.0,0.0,1.0,0,-1,0
6.57934220126689,1.0,56.02658552036377,56.02658552036377,927404.9219699288,28.86638205060165,33488.12116608277,0.0,0.0,1e-10,1e-10,2.4252660743246013,838.5157464366041,-8.871978419304013e-07,0.03871564814410658,14.0,13.641792156207568,11.611833452913833,1e-10,4.923417384035465e-05,2612.9811905662923,11.611833452913833,4.923417384035465e-05,1e-10,1e-10,5.8393422012669065,4191050238.795815,1.2233496174815805e-10,1.3445845796575866e-07,959.117953414648,1666.9825598593036,0.13600461189873775,0.0,0.0,0.0,1.0,0,-1,0
6.58934220126689,1.0,56.01774684433194,56.01774684433194,929630.20352835,29.212058411325536,33309.34456290384,0.0,0.0,1e-10,1e-10,2.4249405811693787,821.2253037170793,-8.795817006898317e-07,0.03917518909259688,14.0,13.641792156207568,11.611834683772507,1e-10,4.923417905919544e-05,2612.9810520778133,11.611834683772507,4.923417905919544e-05,1e-10,1e-10,5.8393422012669065,4288134076.8063593,1.240383403319817e-10,1.3443508321122258e-07,959.3683288919432,1667.2000382685349,0.13600460221550556,0.0,0.0,0.0,1.0,0,-1,0
6.5993422012668885,1.0,56.008985896291115,56.008985896291115,931866.8100050116,29.56692151492113,33128.74756128726,0.0,0.0,1e-10,1e-10,2.4246170443607102,804.0448555819268,-8.716080107704589e-07,0.039646988669391085,14.0,13.641792156207568,11.61183593166982,1e-10,4.9234184350280047e-05,2612.980911672276,11.61183593166982,4.9234184350280047e-05,1e-10,1e-10,5.8393422012669065,4386855771.284199,1.257427918909337e-10,1.3441191584122718e-07,959.6165915710486,1667.415651425419,0.13600459239791318,0.0,0.0,0.0,1.0,0,-1,0
6.609342201266887,1.0,56.00030626706311,56.00030626706311,934114.9161104144,29.93129460828733,32946.32185795363,0.0,0.0,1e-10,1e-10,2.4242956134921334,786.9784853116298,-8.632732473889624e-07,0.040131479481400084,14.0,13.641792156207568,11.611837196607238,1e-10,4.92341897136147e-05,2612.980769349517,11.611837196607238,4.92341897136147e-05,1e-10,1e-10,5.8393422012669065,4487227880.11524,1.2744618643700489e-10,1.3438896534298127e-07,959.8626369707507,1667.629309291321,0.13600458244594416,0.0,0.0,0.0,1.0,0,-1,0
6.619342201266887,1.0,55.99171158060046,55.99171158060046,936374.6993277052,30.305514674260998,32762.059637647042,0.0,0.0,1e-10,1e-10,2.423976440547744,770.0302790049298,-8.545743738272918e-07,0.04062911254382348,14.0,13.641792156207568,11.611838478564255,1e-10,4.9234195149112436e-05,2612.980625111844,11.611838478564255,4.9234195149112436e-05,1e-10,1e-10,5.8393422012669065,4589261514.717869,1.2914623627150514e-10,1.3436624128947086e-07,960.106359539768,1667.8409209393149,0.13600457235975535,0.0,0.0,0.0,1.0,0,-1,0
6.629342201266889,1.0,55.9832054889274,55.9832054889274,938646.3397813732,30.68993311281877,32575.953594882314,0.0,0.0,1e-10,1e-10,2.4236596797246124,753.2043208169678,-8.455088826657442e-07,0.0411403581923793,14.0,13.641792156207568,11.611839777496767,1e-10,4.9234200656586294e-05,2612.98047896422,11.611839777496767,4.9234200656586294e-05,1e-10,1e-10,5.8393422012669065,4692966200.112334,1.3084048954222392e-10,1.3434375332602593e-07,960.3476528028258,1668.0503946806436,0.1360045621396897,0.0,0.0,0.0,1.0,0,-1,0
6.639342201266889,1.0,55.974791666663656,55.974791666663656,940930.0200900502,31.08491646067129,32387.996956142622,0.0,0.0,1e-10,1e-10,2.4233454872366327,736.5046880694892,-8.360748381656402e-07,0.04166570704680556,14.0,13.641792156207568,11.611841093335421,1e-10,4.923420623574218e-05,2612.980330914449,11.611841093335421,4.923420623574218e-05,1e-10,1e-10,5.8393422012669065,4798349727.205616,1.3252632392512754e-10,1.3432151115578622e-07,960.5864095191504,1668.2576382018094,0.13600455178628934,0.0,0.0,0.0,1.0,0,-1,0
6.649342201266888,1.0,55.966473805119676,55.966473805119676,943225.9252027359,31.49084715165891,32198.183502525386,0.0,0.0,1e-10,1e-10,2.4230340210990544,719.9354462436509,-8.262709196695777e-07,0.04220567102883991,14.0,13.641792156207568,11.61184242598387,1e-10,4.923421188617161e-05,2612.980180973374,11.61184242598387,4.923421188617161e-05,1e-10,1e-10,5.8393422012669065,4905417997.155323,1.3420094049038057e-10,1.342995245240343e-07,960.8225218537452,1668.462558712604,0.1360045413003094,0.0,0.0,0.0,1.0,0,-1,0
6.659342201266887,1.0,55.95825560595443,55.95825560595443,945534.2422178376,31.90812432052508,32006.50759283328,0.0,0.0,1e-10,1e-10,2.422725440893128,703.5006438669417,-8.160964658641184e-07,0.04276078443810658,14.0,13.641792156207568,11.611843775316984,1e-10,4.923421760734402e-05,2612.9800291550728,11.611843775316984,4.923421760734402e-05,1e-10,1e-10,5.8393422012669065,5014174857.713172,1.358613578197746e-10,1.342778032013742e-07,961.055881561715,1668.6650631052912,0.13600453068273188,0.0,0.0,0.0,1.0,0,-1,0
6.669342201266887,1.0,55.95014077438724,55.95014077438724,947855.160184422,32.33716465282142,31812.964187107133,0.0,0.0,1e-10,1e-10,2.4224199075102653,687.2043073066683,-8.055515197249608e-07,0.04333160508957589,14.0,13.641792156207568,11.61184514117901,1e-10,4.9234223398599014e-05,2612.9798754770723,11.61184514117901,4.9234223398599014e-05,1e-10,1e-10,5.8393422012669065,5124621931.492712,1.37504406450377e-10,1.3425635696573337e-07,961.2863801858913,1668.8650581251693,0.13600451993478055,0.0,0.0,0.0,1.0,0,-1,0
6.679342201266887,1.0,55.94213301195818,55.94213301195818,950188.8698851606,32.77840328389261,31617.548870595365,0.0,0.0,1e-10,1e-10,2.42211758287524,671.0504354833146,-7.946368739384604e-07,0.043918715516519366,14.0,13.641792156207568,11.611846523381654,1e-10,4.923422925913822e-05,2612.979719960557,11.611846523381654,4.923422925913822e-05,1e-10,1e-10,5.8393422012669065,5236758436.157468,1.3912672372745866e-10,1.3423519558317216e-07,961.5139092679544,1669.0624505526714,0.13600450905793598,0.0,0.0,0.0,1.0,0,-1,0
6.6893422012668875,1.0,55.934236008833075,55.934236008833075,952535.5636004813,33.23229475009589,31420.257878154433,0.0,0.0,1e-10,1e-10,2.4218186296479844,655.04299451796,-7.833541165654389e-07,0.04452272424315945,14.0,13.641792156207568,11.611847921702145,1e-10,4.923423518801709e-05,2612.979562630595,11.611847921702145,4.923423518801709e-05,1e-10,1e-10,5.8393422012669065,5350580996.585271,1.4072474915840113e-10,1.3421432878749234e-07,961.738360573156,1669.2571473970847,0.13600449805395085,0.0,0.0,0.0,1.0,0,-1,0
6.699342201266887,1.0,55.92645343565179,55.92645343565179,954896.636775116,33.699312948628645,31221.098428525736,0.0,0.0,1e-10,1e-10,2.4215232109036977,639.1859429924518,-7.71705676684103e-07,0.04514426572892041,14.0,13.641792156207568,11.611849335881214,1e-10,4.923424118413635e-05,2612.9794035163573,11.611849335881214,4.923424118413635e-05,1e-10,1e-10,5.8393422012669065,5466083449.133591,1.422947203683521e-10,1.341937662586404e-07,961.9596263286977,1669.449056101944,0.13600448692486575,0.0,0.0,0.0,1.0,0,-1,0
6.709342201266887,1.0,55.91876728115414,55.91876728115414,960523.6108421516,34.031519959494325,31114.00726642553,0.0,0.0,1e-10,1e-10,2.421230664730205,627.6945530987065,-7.69197943637997e-07,0.045585165343610144,14.0,13.641792156207568,11.611850768220954,1e-10,4.923424725725685e-05,2612.9792423588283,11.611850768220954,4.923424725725685e-05,1e-10,1e-10,5.8393422012669065,5583440513.7899475,1.4486392432234843e-10,1.3417346034725425e-07,962.1782158050205,1669.6386193248236,0.13600447565256255,0.0,0.0,0.0,1.0,0,-1,0
6.719342201266887,1.0,55.910942689302395,55.910942689302395,972514.1292914379,33.52165743660064,31447.1179058004,0.0,0.0,1e-10,1e-10,2.4209320443009172,640.5576812726507,-8.100420827655354e-07,0.044898062514631014,14.0,13.641792156207568,11.611852236520686,1e-10,4.9234253482847705e-05,2612.979077155345,11.611852236520686,4.9234253482847705e-05,1e-10,1e-10,5.8393422012669065,5703585970.650099,1.4966938541167335e-10,1.3415278974467913e-07,962.4008161647748,1669.8316379717762,0.13600446409692407,0.0,0.0,0.0,1.0,0,-1,0
6.729342201266888,1.0,55.90238405235004,55.90238405235004,991085.5888051216,31.423964619465213,32633.744772009315,0.0,0.0,1e-10,1e-10,2.420604519360896,704.8127285624306,-9.324947430660463e-07,0.04208421702419846,14.0,13.641792156207568,11.611853757764493,1e-10,4.923425993292144e-05,2612.978905994976,11.611853757764493,4.923425993292144e-05,1e-10,1e-10,5.8393422012669065,5826049117.194924,1.5503966714942228e-10,1.341301780226194e-07,962.6444118648396,1670.0428425464365,0.1360044521241687,0.0,0.0,0.0,1.0,0,-1,0
6.739342201266887,1.0,55.89208269180748,55.89208269180748,1016573.8114179908,27.352729942849354,35200.91896114206,0.0,0.0,1e-10,1e-10,2.4202092081913475,863.40500135657,-1.1799412961985596e-06,0.0366274051793162,14.0,13.641792156207568,11.611855314570565,1e-10,4.923426653377919e-05,2612.9787308334085,11.611855314570565,4.923426653377919e-05,1e-10,1e-10,5.8393422012669065,5945921300.270147,1.5443480131517637e-10,1.3410295421567421e-07,962.9378094802116,1670.297211615932,0.13600443987096747,0.0,0.0,0.0,1.0,0,-1,0
6.749342201266887,7.0,22.35642342940373,22.35642342940373,581036.7278899312,1.5328534448284394,129291.56433050905,0.0,0.0,22.35642342940373,1.5328534448284394,6.745632578523465,198.63137463706192,-6.188050394062698e-06,0.4779491693961725,14.0,13.641792156207568,11.61491592607922,1e-10,4.924724352657589e-05,2612.634439073884,11.61491592607922,4.924724352657589e-05,1e-10,1e-10,5.8393422012669065,194411109956.9116,2.554383202352544e-07,2.0698780576346023e-05,0.3958946718629917,7.345858433242383,0.0,0.0,0.0,0.0,1.0,0,-1,0
6.759342201266887,7.0,22.29423373197092,22.29423373197092,584956.6753579158,1.534216859831674,129451.52193780734,0.0,0.0,22.29423373197092,1.534216859831674,6.745619755596964,692.9941675476567,-6.249022815954711e-06,0.479204574886089,14.0,13.641792156207568,11.617492590250533,1e-10,4.925816858266226e-05,2612.344692607081,11.617492590250533,4.925816858266226e-05,1e-10,1e-10,5.8393422012669065,194582522592.38504,2.598386200553965e-07,2.0710995669555525e-05,0.3955768471334739,7.337629336453066,0.0,0.0,0.0,0.0,1.0,0,-1,0
6.769342201266888,7.0,22.231422675492134,22.231422675492134,588785.8978343395,1.5355525071783274,129606.45293952733,0.0,0.0,22.231422675492134,1.5355525071783274,6.745591492756147,1141.0979831080558,-6.310646583797489e-06,0.4803666094284314,14.0,13.641792156207568,11.620114317271087,1e-10,4.9269284705229416e-05,2612.0499777345176,11.620114317271087,4.9269284705229416e-05,1e-10,1e-10,5.8393422012669065,195085142028.95532,2.6432906482259264e-07,2.071914500259166e-05,0.3953763781671462,7.330807856133237,0.0,0.0,0.0,0.0,1.0,0,-1,0
6.779342201266887,7.0,22.168002830993448,22.168002830993448,592524.2547721728,1.536860748460656,129756.42892262494,0.0,0.0,22.168002830993448,1.536860748460656,6.745547370457556,1545.9582549070553,-6.3710027608267824e-06,0.4814398253350045,14.0,13.641792156207568,11.62278064061094,1e-10,4.928058991619039e-05,2611.7503519604293,11.62278064061094,4.928058991619039e-05,1e-10,1e-10,5.8393422012669065,195128108983.14688,2.687726695552854e-07,2.072344589513906e-05,0.3952867108558715,7.325311937718508,0.0,0.0,0.0,0.0,1.0,0,-1,0
6.7893422012668845,7.0,22.10398693630277,22.10398693630277,596171.6445320417,1.5381418674589462,129901.5230561003,0.0,0.0,22.10398693630277,1.5381418674589462,6.745486971580889,1910.6150209320824,-6.430075007943863e-06,0.4824290404284736,14.0,13.641792156207568,11.625491091725998,1e-10,4.929208222891823e-05,2611.445873024462,11.625491091725998,4.929208222891823e-05,1e-10,1e-10,5.8393422012669065,195082699289.68765,2.731693908851615e-07,2.072412644482691e-05,0.3953011544611607,7.321057569772812,0.0,0.0,0.0,0.0,1.0,0,-1,0
6.799342201266885,7.0,22.039387885684686,22.039387885684686,599728.0041335357,1.5393959928165468,130041.81344864989,0.0,0.0,22.039387885684686,1.5393959928165468,6.745409881583277,2238.0829525806826,-6.487848026207546e-06,0.4833391898913799,14.0,13.641792156207568,11.628245203104427,1e-10,4.930375966116279e-05,2611.136598556096,11.628245203104427,4.930375966116279e-05,1e-10,1e-10,5.8393422012669065,195036585367.05325,2.775194497553156e-07,2.0721420121331147e-05,0.3954130070902948,7.317960418008819,0.0,0.0,0.0,0.0,1.0,0,-1,0
6.809342201266885,7.0,21.974218719476333,21.974218719476333,603193.3089678924,1.5406229952708057,130177.38757970044,0.0,0.0,21.974218719476333,1.5406229952708057,6.745315688649794,2531.309568369288,-6.544307556373825e-06,0.4841751846037877,14.0,13.641792156207568,11.631042510433607,1e-10,4.93156202442385e-05,2610.822585828537,11.631042510433607,4.93156202442385e-05,1e-10,1e-10,5.8393422012669065,194989776026.6428,2.818232412567209e-07,2.07155610472757e-05,0.3956156625524311,7.315937220279699,0.0,0.0,0.0,0.0,1.0,0,-1,0
6.819342201266885,7.0,21.908492613736854,21.908492613736854,606567.5724730636,1.5418223601988408,130308.34777259135,0.0,0.0,21.908492613736854,1.5418223601988408,6.745203983840202,2793.141761232624,-6.599440377214483e-06,0.4849417777427562,14.0,13.641792156207568,11.633882553860435,1e-10,4.9327662028368246e-05,2610.503891614912,11.633882553860435,4.9327662028368246e-05,1e-10,1e-10,5.8393422012669065,194942280002.07874,2.860812424391458e-07,2.070678002132472e-05,0.3959026981243153,7.3149069350580715,0.0,0.0,0.0,0.0,1.0,0,-1,0
6.8293422012668845,7.0,21.842222869922107,21.842222869922107,609850.8457721517,1.5429930362508797,130434.81767771965,0.0,0.0,21.842222869922107,1.5429930362508797,6.745074361231865,3026.3003271815546,-6.6532343026300775e-06,0.4856434402660101,14.0,13.641792156207568,11.636764878330851,1e-10,4.933988308412281e-05,2610.180572148108,11.636764878330851,4.933988308412281e-05,1e-10,1e-10,5.8393422012669065,194894105944.25366,2.90293919118466e-07,2.0695301288204245e-05,0.39626794380095737,7.314791649838513,0.0,0.0,0.0,0.0,1.0,0,-1,0
6.8393422012668825,7.0,21.775422904596528,21.775422904596528,613043.2172763265,1.5441332608570228,130556.94973284767,0.0,0.0,21.775422904596528,1.5441332608570228,6.74492641805875,3233.361863198357,-6.705678177575861e-06,0.4862842449938144,14.0,13.641792156207568,11.639689033001762,1e-10,4.935228149992747e-05,2609.8526831847744,11.639689033001762,4.935228149992747e-05,1e-10,1e-10,5.8393422012669065,194845262431.6482,2.9446163211100626e-07,2.068134002120303e-05,0.3967055343803511,7.315517266249082,0.0,0.0,0.0,0.0,1.0,0,-1,0
6.849342201266882,7.0,21.708106239194137,21.708106239194137,616144.8122533311,1.5452403634056109,130674.93356768455,0.0,0.0,21.708106239194137,1.5452403634056109,6.7447597548465446,3416.747197456606,-6.756761872822243e-06,0.4868677583490448,14.0,13.641792156207568,11.642654569719985,1e-10,4.936485537561273e-05,2609.52028017381,11.642654569719985,4.936485537561273e-05,1e-10,1e-10,5.8393422012669065,194795757995.94046,2.985845428424719e-07,2.0665100455194628e-05,0.3972099462418652,7.317013985531691,0.0,0.0,0.0,0.0,1.0,0,-1,0
6.859342201266884,7.0,21.64028648983965,21.64028648983965,619155.7923627564,1.5463105469028684,130789.00532051365,0.0,0.0,21.64028648983965,1.5463105469028684,6.7445739755437675,3578.715410157101,-6.806476278572852e-06,0.4873969383995941,14.0,13.641792156207568,11.64566104056057,1e-10,4.937760281197682e-05,2609.1834185298903,11.64566104056057,4.937760281197682e-05,1e-10,1e-10,5.8393422012669065,194745601162.96826,3.0266251791561605e-07,2.064677459142207e-05,0.3977760209560219,7.3192166218469366,0.0,0.0,0.0,0.0,1.0,0,-1,0
6.869342201266884,7.0,21.57197735724121,21.57197735724121,622076.3551592735,1.5473386489341605,130899.4578363696,0.0,0.0,21.57197735724121,1.5473386489341605,6.744368687648902,3721.362478854776,-6.85481329696627e-06,0.4878740376357907,14.0,13.641792156207568,11.648707994411357,1e-10,4.939052189630416e-05,2608.8421540132194,11.648707994411357,4.939052189630416e-05,1e-10,1e-10,5.8393422012669065,194694800509.18585,3.0669503197391503e-07,2.0626541387502708e-05,0.3983989779516524,7.322064772133527,0.0,0.0,0.0,0.0,1.0,0,-1,0
6.8793422012668834,7.0,21.5031926166655,21.5031926166655,624906.7335650821,1.5483178827569828,131006.6517194383,0.0,0.0,21.5031926166655,1.5483178827569828,6.744143502333475,3846.6236175316108,-6.901765833489404e-06,0.4883005088667287,14.0,13.641792156207568,11.65179497258326,1e-10,4.9403610683753025e-05,2608.4965432174513,11.65179497258326,4.9403610683753025e-05,1e-10,1e-10,5.8393422012669065,194643364733.88452,3.1068106805528694e-07,2.060456634536667e-05,0.39907441841096575,7.3255028706144385,0.0,0.0,0.0,0.0,1.0,0,-1,0
6.889342201266882,7.0,21.43394610800577,21.43394610800577,627647.1953128282,1.5492395593646149,131111.02721741857,0.0,0.0,21.43394610800577,1.5492395593646149,6.743898034561093,3956.2784547233728,-6.9473277873324796e-06,0.4886769126908117,14.0,13.641792156207568,11.654921503417524,1e-10,4.9416867174490306e-05,2608.146644168675,11.654921503417524,4.9416867174490306e-05,1e-10,1e-10,5.8393422012669065,194591302747.56714,3.146190145726141e-07,2.0581001414178187e-05,0.3997983224074131,7.329480154067597,0.0,0.0,0.0,0.0,1.0,0,-1,0
6.899342201266882,7.0,21.364251725953267,21.364251725953267,630298.0423603209,1.550092791367338,131213.11692307686,0.0,0.0,21.364251725953267,1.550092791367338,6.743631903202366,4051.9582964690712,-6.991494040717699e-06,0.4890028251488137,14.0,13.641792156207568,11.658087095852649,1e-10,4.943028928641523e-05,2607.7925170392527,11.658087095852649,4.943028928641523e-05,1e-10,1e-10,5.8393422012669065,194538623777.008,3.185065580674005e-07,2.0555985132955733e-05,0.4005670410830301,7.333950561168822,0.0,0.0,0.0,0.0,1.0,0,-1,0
6.909342201266883,7.0,21.294123410281802,21.294123410281802,632859.61027834,1.5508641795449445,131313.5592887738,0.0,0.0,21.294123410281802,1.5508641795449445,6.74334473114573,4135.154831894374,-7.034260447235049e-06,0.4892767443700121,14.0,13.641792156207568,11.661291231905498,1e-10,4.944387482327931e-05,2607.4342249812084,11.661291231905498,4.944387482327931e-05,1e-10,1e-10,5.8393422012669065,194485337487.6502,3.2234057094092715e-07,2.0529642947167514e-05,0.40137728541128415,7.338872585969104,0.0,0.0,0.0,0.0,1.0,0,-1,0
6.919342201266883,7.0,21.22357513625537,21.22357513625537,635332.2676129171,1.5515374829302515,131413.11296404473,0.0,0.0,21.22357513625537,1.5515374829302515,6.743036145404145,4207.229753463698,-7.075623819220795e-06,0.4894959952486657,14.0,13.641792156207568,11.66453335801378,1e-10,4.945762143797842e-05,2607.071835084645,11.66453335801378,4.945762143797842e-05,1e-10,1e-10,5.8393422012669065,194431454124.11026,3.261169934580477e-07,2.050208764393725e-05,0.40222611283057214,7.34420910218517,0.0,0.0,0.0,0.0,1.0,0,-1,0
6.929342201266882,7.0,21.152620905167755,21.152620905167755,637716.4152234211,1.5520932732881525,131512.67198520884,0.0,0.0,21.152620905167755,1.5520932732881525,6.742705777217637,4269.424874013878,-7.115581914214999e-06,0.48965663142109295,14.0,13.641792156207568,11.667812875180607,1e-10,4.947152659076578e-05,2606.7054194673747,11.667812875180607,4.947152659076578e-05,1e-10,1e-10,5.8393422012669065,194376984669.6509,3.298307094290543e-07,2.0473419860867216e-05,0.4031109127778806,7.349927171667779,0.0,0.0,0.0,0.0,1.0,0,-1,0
6.939342201266882,7.0,21.08127473502311,21.08127473502311,640012.4855978583,1.5525085748585734,131613.28187039538,0.0,0.0,21.08127473502311,1.5525085748585734,6.7423532621517,4322.8724248245035,-7.15413342053641e-06,0.4897533340411965,14.0,13.641792156207568,11.671129127856641,1e-10,4.948558750211215e-05,2606.335056502471,11.671129127856641,4.948558750211215e-05,1e-10,1e-10,5.8393422012669065,194321941025.5637,3.334754150951448e-07,2.0443728633368194e-05,0.4040293919110007,7.35599784729272,0.0,0.0,0.0,0.0,1.0,0,-1,0
6.949342201266883,7.0,21.00955065136613,21.00955065136613,642220.942146756,1.5527564902344348,131716.15670440724,0.0,0.0,21.00955065136613,1.5527564902344348,6.7419782401915365,4368.605311377537,-7.191277942013931e-06,0.4897793070673612,14.0,13.641792156207568,11.674481391491199,1e-10,4.9499801099922694e-05,2605.9608321908845,11.674481391491199,4.9499801099922694e-05,1e-10,1e-10,5.8393422012669065,194266336211.45892,3.370434808653814e-07,2.041309195448651e-05,0.4049795595860662,7.362395977662809,0.0,0.0,0.0,0.0,1.0,0,-1,0
6.959342201266883,7.0,20.93746267826988,20.93746267826988,644342.2784770443,1.552805813247374,131822.69733677775,0.0,0.0,20.93746267826988,1.552805813247374,6.741580355832133,4407.567185742058,-7.2270159819147124e-06,0.4897261689729842,14.0,13.641792156207568,11.677868858681052,1e-10,4.9514163960807646e-05,2605.582841686557,11.677868858681052,4.9514163960807646e-05,1e-10,1e-10,5.8393422012669065,194210184587.49802,3.405258056728011e-07,2.0381577329406118e-05,0.40595971395653735,7.369100018437656,0.0,0.0,0.0,0.0,1.0,0,-1,0
6.9693422012668815,7.0,20.86502482948876,20.86502482948876,646377.017647319,1.5526206297344916,131934.51086474894,0.0,0.0,20.86502482948876,1.5526206297344916,6.741159258164201,4440.622267325992,-7.261348926109987e-06,0.489583840975541,14.0,13.641792156207568,11.681290623843566,1e-10,4.9528672245096724e-05,2605.201190981587,11.681290623843566,4.9528672245096724e-05,1e-10,1e-10,5.8393422012669065,194153502099.6207,3.439116638310981e-07,2.0349242314056032e-05,0.4069684288795713,7.376091852816621,0.0,0.0,0.0,0.0,1.0,0,-1,0
6.979342201266881,7.0,20.792251099784004,20.792251099784004,648325.7114059128,1.5521599070588323,132053.4316325793,0.0,0.0,20.792251099784004,1.5521599070588323,6.740714600955911,4468.564908356163,-7.2942790255209534e-06,0.4893404320456303,14.0,13.641792156207568,11.684745666340707,1e-10,4.95433216252846e-05,2604.815998759076,11.684745666340707,4.95433216252846e-05,1e-10,1e-10,5.8393422012669065,194096306548.82565,3.471885443789797e-07,2.031613503361461e-05,0.4080045416540953,7.383356621666343,0.0,0.0,0.0,0.0,1.0,0,-1,0
6.989342201266881,7.0,20.71915545642884,20.71915545642884,650188.9394131608,1.5513770732546135,132181.54405189728,0.0,0.0,20.71915545642884,1.5513770732546135,6.740246042730563,4492.128958584116,-7.325809377886743e-06,0.4889821211088266,14.0,13.641792156207568,11.688232831980367,1e-10,4.955810720759677e-05,2604.4273984211763,11.688232831980367,4.955810720759677e-05,1e-10,1e-10,5.8393422012669065,194037487191.7231,3.5034198299520266e-07,2.028229468223964e-05,0.4090671414697686,7.3908825619812415,0.0,0.0,0.0,0.0,1.0,0,-1,0
6.999342201266881,7.0,20.64575181805705,20.64575181805705,651967.3082605529,1.5502195862737749,132321.2076448384,0.0,0.0,20.64575181805705,1.5502195862737749,6.739753245901668,4511.996790644887,-7.35471606780772e-06,0.4884930365857506,14.0,13.641792156207568,11.69175081410462,1e-10,4.957302345180359e-05,2604.035540156991,11.69175081410462,4.957302345180359e-05,1e-10,1e-10,5.8393422012669065,193975565031.3665,3.5323285770818745e-07,2.0247751993974616e-05,0.4101555588358967,7.39866085614566,0.0,0.0,0.0,0.0,1.0,0,-1,0
7.0093422012668825,7.0,20.572054062798237,20.572054062798237,653661.450947228,1.5486284953486815,132475.08479933962,0.0,0.0,20.572054062798237,1.5486284953486815,6.739235877879793,4528.808970529731,-7.383515095395241e-06,0.4878551352737245,14.0,13.641792156207568,11.69529812997422,1e-10,4.958806407109071e-05,2603.640593527701,11.69529812997422,4.958806407109071e-05,1e-10,1e-10,5.8393422012669065,193916913780.5834,3.560941299033454e-07,2.0212529749869035e-05,0.4112693538663607,7.4066854694017525,0.0,0.0,0.0,0.0,1.0,0,-1,0
7.0193422012668805,7.0,20.498076028377138,20.498076028377138,655272.0261494177,1.5465379944579898,132646.17188000842,0.0,0.0,20.498076028377138,1.5465379944579898,6.738693611826714,4543.174007013584,-7.410928509439714e-06,0.4870480800973131,14.0,13.641792156207568,11.698873096154678,1e-10,4.960322192769584e-05,2603.242750154922,11.698873096154678,4.960322192769584e-05,1e-10,1e-10,5.8393422012669065,193857847804.18427,3.587760317073442e-07,2.017664328143104e-05,0.4124083046388545,7.414952987892594,0.0,0.0,0.0,0.0,1.0,0,-1,0
7.02934220126688,7.0,20.423831492981915,20.423831492981915,656799.717217827,1.543874968289403,132837.8345188943,0.0,0.0,20.423831492981915,1.543874968289403,6.738126125930167,4555.678268895777,-7.436962572285307e-06,0.4860491173224722,14.0,13.641792156207568,11.702473803959167,1e-10,4.961848892878689e-05,2602.8422263945404,11.702473803959167,4.961848892878689e-05,1e-10,1e-10,5.8393422012669065,193798399480.4596,3.6125458622672636e-07,2.0140100977543923e-05,0.4135723953876378,7.423462453718878,0.0,0.0,0.0,0.0,1.0,0,-1,0
7.03934220126688,7.0,20.349334167750715,20.349334167750715,658245.2313414465,1.5405585324178368,133053.8480869953,0.0,0.0,20.349334167750715,1.5405585324178368,6.737533103461063,4566.897010153944,-7.461624293937186e-06,0.4848329551497815,14.0,13.641792156207568,11.706098091792866,1e-10,4.963385590920175e-05,2602.4392663467816,11.706098091792866,4.963385590920175e-05,1e-10,1e-10,5.8393422012669065,193738605263.26385,3.635029289645398e-07,2.0102904853403947e-05,0.414761802601048,7.432215176201218,0.0,0.0,0.0,0.0,1.0,0,-1,0
7.04934220126688,7.0,20.2745976894698,20.2745976894698,659609.2987037447,1.536499568233606,133298.44462672042,0.0,0.0,20.2745976894698,1.536499568233606,6.736914232826751,4577.406649939284,-7.484921410688181e-06,0.4833716442376757,14.0,13.641792156207568,11.709743515481925,1e-10,4.964931250564336e-05,2602.034145081096,11.709743515481925,4.964931250564336e-05,1e-10,1e-10,5.8393422012669065,193678506150.1625,3.6549110096610174e-07,2.0065051183743708e-05,0.4159768788786919,7.441214517218344,0.0,0.0,0.0,0.0,1.0,0,-1,0
7.05934220126688,7.0,20.19963561348704,20.19963561348704,660892.6716325808,1.531600253448291,133576.3678504316,0.0,0.0,20.19963561348704,1.531600253448291,6.7362692076202855,4587.7987792183585,-7.5068623633703914e-06,0.4816344610831145,14.0,13.641792156207568,11.713407316533212,1e-10,4.966484702210082e-05,2601.6271720812274,11.713407316533212,4.966484702210082e-05,1e-10,1e-10,5.8393422012669065,193618148181.925,3.671858365789986e-07,2.00265312186044e-05,0.4172181338729865,7.4504656429791725,0.0,0.0,0.0,0.0,1.0,0,-1,0
7.069342201266879,7.0,20.124461406844205,20.124461406844205,662096.1237451012,1.5257535889953753,133892.93822936394,0.0,0.0,20.124461406844205,1.5257535889953753,6.7355977266657305,4598.696465578824,-7.527456275274234e-06,0.4795877951043929,14.0,13.641792156207568,11.717086388273444,1e-10,4.968044628627942e-05,2601.21869491559,11.717086388273444,4.968044628627942e-05,1e-10,1e-10,5.8393422012669065,193557582974.058,3.685503460581847e-07,1.9987331997648466e-05,0.4184862116847145,7.4599752352366675,0.0,0.0,0.0,0.0,1.0,0,-1,0
7.079342201266879,7.0,20.049088441631074,20.049088441631074,663220.4490888874,1.5188429231312242,134254.13073698143,0.0,0.0,20.049088441631074,1.5188429231312242,6.734899494059597,4610.773553952239,-7.546712929777284e-06,0.4771950401109806,14.0,13.641792156207568,11.720777239818256,1e-10,4.969609549682941e-05,2600.80910313798,11.720777239818256,4.969609549682941e-05,1e-10,1e-10,5.8393422012669065,193496868281.0603,3.6954409313037424e-07,1.9947437274574718e-05,0.4197818641940943,7.469751156394961,0.0,0.0,0.0,0.0,1.0,0,-1,0
7.089342201266879,7.0,19.97352998856392,19.97352998856392,664266.4612805871,1.5107414735293718,134666.66851324448,0.0,0.0,19.97352998856392,1.5107414735293718,6.734174219208423,4624.777824691235,-7.564642747725228e-06,0.4744164905915812,14.0,13.641792156207568,11.724475957822072,1e-10,4.971177806116559e-05,2600.3988324236825,11.724475957822072,4.971177806116559e-05,1e-10,1e-10,5.8393422012669065,193436068594.0941,3.7012256747795907e-07,1.9906828556081355e-05,0.4211059200077989,7.479802065423715,0.0,0.0,0.0,0.0,1.0,0,-1,0
7.099342201266879,7.0,19.89779921079048,19.89779921079048,665234.9926432272,1.5013118481475674,135138.13664043162,0.0,0.0,19.89779921079048,1.5013118481475674,6.733421616862527,4641.559087534395,-7.581256764605368e-06,0.4712092428894213,14.0,13.641792156207568,11.72817816595844,1e-10,4.972747542366378e-05,2599.9883689463395,11.72817816595844,4.972747542366378e-05,1e-10,1e-10,5.8393422012669065,193375255772.8208,3.702370519248212e-07,1.9865486249468665e-05,0.422459249010927,7.490136985221709,0.0,0.0,0.0,0.0,1.0,0,-1,0
7.1093422012668785,7.0,19.821909157923304,19.821909157923304,666126.8933433904,1.4904055656325297,135677.12145085714,0.0,0.0,19.821909157923304,1.4904055656325297,6.732641407146027,4662.103584526293,-7.596566607554041e-06,0.4675271008543208,14.0,13.641792156207568,11.731878982077367,1e-10,4.974316688400805e-05,2599.578254001437,11.731878982077367,4.974316688400805e-05,1e-10,1e-10,5.8393422012669065,193314509712.22894,3.698343839375608e-07,1.982339089888877e-05,0.42384272295376396,7.5007648273059555,0.0,0.0,0.0,0.0,1.0,0,-1,0
7.119342201266877,7.0,19.74587276030265,19.74587276030265,666943.0305293814,1.4778625760119792,136293.38244223822,0.0,0.0,19.74587276030265,1.4778625760119792,6.731833315583129,4687.576484007042,-7.610584472236812e-06,0.4633204849675099,14.0,13.641792156207568,11.735572972982075,1e-10,4.9758829405444e-05,2599.169088882953,11.735572972982075,4.9758829405444e-05,1e-10,1e-10,5.8393422012669065,193253919045.39096,3.68856710961026e-07,1.978052447212594e-05,0.4252571730949555,7.511693886629772,0.0,0.0,0.0,0.0,1.0,0,-1,0
7.129342201266877,7.0,19.669702823490148,19.669702823490148,667684.2874715023,1.4635107824072566,136998.0661320249,0.0,0.0,19.669702823490148,1.4635107824072566,6.730997073120793,4719.374829789057,-7.623323099640849e-06,0.4585363432502641,14.0,13.641792156207568,11.739254106762836,1e-10,4.977443741267442e-05,2598.7615400204904,11.739254106762836,4.977443741267442e-05,1e-10,1e-10,5.8393422012669065,193193581883.2097,3.6724123920463045e-07,1.9736871637714333e-05,0.4267033466734949,7.522931328007793,0.0,0.0,0.0,0.0,1.0,0,-1,0
7.139342201266878,7.0,19.59341202299357,19.59341202299357,668351.5627054946,1.4471655644827148,137803.97429437653,0.0,0.0,19.59341202299357,1.4471655644827148,6.73013241614779,4759.194158333304,-7.63479575281666e-06,0.4531180615435685,14.0,13.641792156207568,11.742915702624098,1e-10,4.978996257912616e-05,2598.3563443846915,11.742915702624098,4.978996257912616e-05,1e-10,1e-10,5.8393422012669065,193133606592.29666,3.6491997598497573e-07,1.9692420946933093e-05,0.42818186487905,7.534482695855107,0.0,0.0,0.0,0.0,1.0,0,-1,0
7.149342201266878,7.0,19.517012899223204,19.517012899223204,668945.769180201,1.4286293043302207,138725.90337576202,0.0,0.0,19.517012899223204,1.4286293043302207,6.729239086510223,4809.113264613994,-7.645016193606749e-06,0.4470053700757601,14.0,13.641792156207568,11.746550378146974,1e-10,4.980537360334317e-05,2597.954315168453,11.746550378146974,4.980537360334317e-05,1e-10,1e-10,5.8393422012669065,193074112612.09134,3.618194669331511e-07,1.9647165808572188e-05,0.4296931859866495,7.546351490137633,0.0,0.0,0.0,0.0,1.0,0,-1,0
7.1593422012668775,7.0,19.440517852679445,19.440517852679445,669467.8334104164,1.4076909154684585,139781.07805851335,0.0,0.0,19.440517852679445,1.4076909154684585,6.728316831523569,4871.703535534174,-7.65399865939613e-06,0.4401342427600033,14.0,13.641792156207568,11.750149993952913,1e-10,4.982063597436034e-05,2597.5563477492897,11.750149993952913,4.982063597436034e-05,1e-10,1e-10,5.8393422012669065,193015231312.032,3.578605317947527e-07,1.960110511960601e-05,0.4312375783198883,7.558538862405353,0.0,0.0,0.0,0.0,1.0,0,-1,0
