kepid,koi_period,koi_prad,koi_steff
8478994,13.3669309,0.27,5417.0
6444896,8.68910764,0.49,2703.0
6278762,3.60011712,0.5,5051.0
10187017,5.28691996,0.51,4900.0
6444896,19.5352551,0.53,2703.0
9002278,12.4418003,0.57,4926.0
7603200,10.31282204,0.59,3846.0
10063208,9.3281912,0.59,5525.0
7826620,0.849906734,0.59,4296.0
6697756,0.916142298,0.6,4374.0
6278762,7.74347801,0.62,5051.0
10187017,7.07136119,0.63,4900.0
9334893,31.8055128,0.63,4729.0
10397751,2.005414293,0.65,5374.0
6278762,4.54586982,0.65,5051.0
6278762,6.18943952,0.65,5051.0
8561063,1.865114193,0.66,3292.0
4991208,2.44358543,0.67,5561.0
8280511,5.24970432,0.67,5528.0
10337517,4.29263699,0.68,5357.0
7935997,3.87594316,0.68,5713.0
10963065,2.465024332,0.69,6139.0
8081899,4.16056658,0.7,5481.0
10397751,3.4462125,0.7,5374.0
10471515,3.7847507,0.7,6017.0
11127479,2.12821621,0.7,5952.0
7100673,2.89223998,0.7,5574.0
8478994,21.30181863,0.72,5437.0
7582689,8.70312154,0.72,6006.0
7455981,14.4540329,0.72,5559.0
5959719,6.73808701,0.73,5168.0
7582689,6.80257947,0.73,6006.0
10552611,3.10762684,0.73,4908.0
4548011,6.28384079,0.73,5888.0
8351704,7.09712124,0.74,3569.0
10905911,1.34155642,0.74,5779.0
12505503,3.4327371,0.75,5757.0
8804845,0.762132307,0.75,5594.0
8561063,0.453287416,0.76,3292.0
7259298,3.23941775,0.77,6075.0
8753657,4.62334491,0.77,5678.0
8561063,1.213770423,0.78,3292.0
11135308,1.877878538,0.78,6324.0
9885417,0.689967868,0.78,4872.0
8395660,6.164876,0.79,5854.0
9412760,7.41556471,0.79,4500.0
12301181,6.14728341,0.79,4997.0
7802719,4.45743267,0.79,4487.0
3426367,2.10433534,0.79,3605.0
6607644,0.971915957,0.79,5196.0
9718066,28.9060526,0.79,4657.0
5868793,4.83809469,0.79,3187.0
6368175,21.1876185,0.79,6355.0
10777591,6.10968225,0.79,6024.0
10489206,5.77440326,0.8,3808.0
3545135,8.48299282,0.8,5827.0
10000941,3.50472344,0.8,5115.0
5959719,13.0600399,0.8,5168.0
8424002,20.35971899,0.8,3419.0
6368175,31.8245304,0.8,6338.0
10525027,3.27344784,0.81,3758.0
6607357,4.77466043,0.81,5727.0
10722485,7.84931877,0.81,5678.0
9763612,16.0505464,0.81,5428.0
7215603,2.36436762,0.82,6250.0
9873254,0.900375925,0.82,5676.0
5340878,0.539915033,0.82,5102.0
9473078,0.693842661,0.83,5457.0
11361646,1.88899036,0.83,5973.0
5695396,25.5172744,0.83,5680.0
7100673,3.95116635,0.83,5574.0
6616218,2.46106962,0.84,5418.0
9693006,2.88878583,0.84,5696.0
6850504,6.09855603,0.84,5465.0
2831055,2.20923119,0.84,5991.0
7838675,1.005205893,0.85,5718.0
10057494,2.41810158,0.85,6258.0
7100673,5.10110666,0.85,5574.0
8229458,1.646801683,0.86,3810.0
9950612,4.159816554,0.86,4499.0
3632089,5.32784157,0.86,5638.0
7871954,1.937029968,0.87,4042.0
7609553,2.279523364,0.87,5017.0
7582689,11.9216035,0.87,6006.0
7132798,4.12511935,0.88,5598.0
8544992,3.17323012,0.88,4500.0
11461433,1.916940872,0.89,5083.0
4138951,1.291233083,0.89,6384.0
9995402,3.57551429,0.89,5213.0
6937529,2.94648935,0.89,6481.0
8278371,0.677374687,0.9,5718.0
11403530,3.61460332,0.9,5799.0
8751796,4.45342418,0.9,6256.0
6850504,19.5776073,0.9,5465.0
9950612,28.1224393,0.9,4499.0
7610663,3.03196812,0.9,5755.0
7907423,3.306551643,0.91,3561.0
7269493,1.907810683,0.91,5435.0
8544992,13.2970695,0.91,4500.0
11295426,9.60505976,0.91,5790.0
11019987,6.9131732,0.91,6296.0
5980208,0.789160884,0.91,4258.0
8558011,0.638162933,0.91,5244.0
7100673,5.99273265,0.91,5574.0
9489524,10.05550267,0.92,5208.0
9006186,5.45298742,0.92,5450.0
10916600,5.57654782,0.92,6187.0
9730163,2.984157711,0.92,3157.0
6607357,7.69994466,0.92,5727.0
7515212,16.2580276,0.92,5867.0
11760860,2.41660149,0.92,5705.0
7691260,3.989544192,0.93,5229.0
6035124,3.85690686,0.93,5272.0
9717943,6.11010439,0.93,6213.0
9221517,0.769854899,0.93,5173.0
10591855,1.574090323,0.93,4313.0
8573193,8.18504859,0.93,5984.0
8280511,7.41084314,0.94,5528.0
9883606,4.34195312,0.94,6164.0
9216775,3.91794676,0.94,5500.0
7673841,5.34182466,0.95,5767.0
10187017,27.4536146,0.95,4900.0
12068975,25.2100146,0.95,6003.0
6278762,9.74048508,0.95,5051.0
7350067,4.48559215,0.95,3236.0
7595157,2.358952404,0.96,5300.0
12314973,7.5143967,0.96,6206.0
4056616,2.41434868,0.97,4507.0
8277797,1.653889476,0.97,5390.0
10531955,2.344512589,0.97,5821.0
9714550,4.73292061,0.97,5595.0
8120608,3.886795001,0.97,3751.0
7046035,2.27164952,0.97,6274.0
6497146,35.2330694,0.97,3749.0
8247771,1.118547814,0.98,4496.0
9718066,16.09227518,0.98,4657.0
8212002,14.7966306,0.98,6175.0
5652893,14.00948631,0.98,5153.0
12154526,3.18899015,0.98,5700.0
10027323,5.92365747,0.99,3883.0
8235924,0.588001053,0.99,3814.0
5185897,11.41941928,0.99,4498.0
3244792,3.0570982,0.99,6021.0
4164922,1.210693626,0.99,5014.0
10925104,5.188563677,1.0,3980.0
7304449,1.538180949,1.0,3364.0
8890150,7.05429483,1.0,3765.0
9209624,11.8376933,1.0,5772.0
5185897,4.081411554,1.0,4498.0
4563268,4.16536757,1.0,5604.0
10730070,7.61758198,1.0,6202.0
11253711,1.226223959,1.0,5855.0
11125797,12.25384348,1.0,5413.0
6037581,2.0248205,1.01,5865.0
11403339,4.79029482,1.01,5412.0
9209624,6.79164656,1.01,5772.0
5185897,6.83440674,1.01,4498.0
5445681,20.3504704,1.01,5952.0
8609450,9.2207691,1.02,5600.0
10064256,5.95958637,1.02,5452.0
5088536,8.45744892,1.02,5903.0
11090556,2.7881793,1.02,5758.0
6975129,1.772451066,1.02,6243.0
7676423,2.46050095,1.03,4811.0
8167996,5.21230171,1.04,3716.0
12454461,7.46718958,1.04,6161.0
10328393,15.99560373,1.04,4955.0
12405333,0.764863517,1.04,5231.0
6382217,5.79529495,1.05,3757.0
11811193,6.11784972,1.05,6226.0
6265792,0.935115863,1.05,5874.0
10669994,2.71603664,1.05,6011.0
10875245,7.95825328,1.06,5847.0
11288051,3.41045981,1.06,4983.0
11509504,2.61576515,1.06,6088.0
9412623,6.1082945,1.06,6720.0
10657406,1.682934607,1.06,5201.0
11497958,34.1420506,1.06,3526.0
4365645,4.16787814,1.07,5251.0
7673841,10.42317343,1.07,5767.0
8417078,23.6223571,1.07,6144.0
8226994,4.14810719,1.08,5029.0
8628758,9.65188331,1.08,5768.0
7019524,5.30873978,1.08,5914.0
8895758,0.968980781,1.08,5866.0
6599975,14.5565618,1.08,6065.0
6364582,30.8609783,1.08,5627.0
5371776,1.499144441,1.09,4723.0
9821454,11.8693144,1.09,6296.0
5350244,12.5722897,1.09,6084.0
8073705,10.60052083,1.09,6035.0
8311864,384.847556,1.09,5579.0
8609450,13.6396648,1.1,5600.0
12159249,3.74443645,1.1,5876.0
11601584,34.205785079,1.1,5191.0
3955817,4.24263096,1.1,5072.0
7907423,15.36845737,1.11,3561.0
9955598,68.958447,1.11,5455.0
8167996,2.549562652,1.11,3716.0
3734418,3.97599629,1.11,5143.0
6964929,0.665025941,1.11,5884.0
3239945,21.803708,1.11,4799.0
12116489,12.3860474,1.11,5121.0
4741126,7.63846084,1.12,6119.0
9573685,5.94565516,1.12,3974.0
7033233,2.032318856,1.12,4670.0
8883329,14.6134781,1.12,6194.0
9070666,2.99792926,1.12,5888.0
11600889,0.669310092,1.13,5475.0
9880190,4.5513988,1.13,5009.0
5546691,12.9462567,1.13,6058.0
5106313,3.89524296,1.13,5018.0
11090556,4.13827684,1.13,5758.0
8008206,1.632916419,1.13,4979.0
6060203,1.022678654,1.14,5366.0
11497958,10.8644095,1.14,3526.0
4144576,0.813166357,1.14,5237.0
6021193,3.61460279,1.14,5711.0
8890150,34.9897847,1.14,3765.0
8120608,7.26731094,1.14,3751.0
11612280,9.4061364,1.14,5855.0
6265665,44.2018402,1.14,5002.0
11601584,4.38536428,1.15,5191.0
9353314,5.18498961,1.15,4325.0
10130039,5.47033376,1.15,5782.0
8681833,1.311558909,1.15,5926.0
9146018,6.47027706,1.15,5475.0
8120608,22.40777833,1.15,3751.0
4736644,16.2951259,1.15,4915.0
10328393,34.2115022,1.15,4955.0
10984090,3.709214104,1.16,5833.0
7907423,7.11373257,1.16,3561.0
3444588,0.928310036,1.16,4109.0
6362874,0.974868896,1.16,5487.0
4278221,1.340596782,1.16,5992.0
11764462,5.69919592,1.16,5646.0
5706966,24.0884178,1.16,4213.0
11774991,53.5783052,1.16,4856.0
5384079,17.2653659,1.16,6388.0
1865042,3.4815917,1.17,5405.0
8505670,6.66833241,1.18,4201.0
11493431,2.343230566,1.18,4798.0
8750043,2.29503515,1.18,5637.0
7747425,5.19559398,1.18,5616.0
3342794,4.92031063,1.18,5845.0
9008737,11.8288843,1.18,5653.0
6289257,5.21104597,1.18,6023.0
10905239,6.02977241,1.18,5576.0
9950612,45.9029768,1.18,4499.0
8120608,129.945392,1.18,3751.0
11497958,63.3354719,1.18,3526.0
9892816,1.644221032,1.18,6297.0
8950568,25.2149143,1.19,5435.0
10468885,0.664074145,1.19,5178.0
10813132,4.76702759,1.19,5629.0
4852528,0.986785834,1.19,4041.0
5689351,3.25058201,1.19,5001.0
5177859,6.98472143,1.19,5839.0
5371777,0.991659646,1.19,6117.0
4139816,7.82502168,1.2,3950.0
10858691,1.796320953,1.2,5576.0
10975146,0.63133171,1.2,4441.0
11121752,3.93083997,1.2,6038.0
6842682,7.56126152,1.2,5853.0
4473613,4.36125889,1.2,5520.0
7295235,3.179267286,1.21,5511.0
10730034,6.18670882,1.21,5114.0
10328393,7.62635494,1.21,4955.0
11774991,37.8154157,1.21,4856.0
6605493,9.30991834,1.21,5806.0
9757613,3.543919702,1.21,3879.0
8947520,0.968527683,1.21,5580.0
7673192,4.02877097,1.21,6052.0
7428736,7.06321927,1.21,5305.0
6263593,22.4765952,1.21,4563.0
11455181,10.9294815,1.21,5792.0
5351250,3.42806306,1.21,5559.0
8480285,16.2254975,1.21,5956.0
8962094,14.6672293,1.21,5677.0
10526887,1.450889836,1.21,6046.0
9009036,6.76289308,1.21,6547.0
8280511,10.43547031,1.22,5528.0
8230616,2.240486703,1.22,4198.0
6047072,4.27103727,1.22,5984.0
9825174,0.740926358,1.22,5618.0
11963206,3.00912491,1.22,5713.0
11414465,2.94194296,1.22,4901.0
6021275,6.17817366,1.22,5931.0
12068975,5.59931543,1.22,6003.0
7427764,4.56383697,1.22,5408.0
3554031,4.17634276,1.23,4362.0
9787239,2.896005211,1.23,3731.0
7871954,7.06117322,1.23,4042.0
12058147,1.54320541,1.23,5866.0
10684670,3.78861833,1.23,5560.0
11285870,4.48494315,1.23,6217.0
10388286,1.682695938,1.23,3669.0
9141746,2.85188338,1.23,6123.0
11657614,5.94228603,1.23,4891.0
9388479,0.893040969,1.24,3582.0
8972058,2.403640701,1.24,5881.0
8978528,7.41634701,1.24,4156.0
8883329,9.18244299,1.24,6194.0
11453592,2.8867624,1.24,3483.0
6129524,0.88184263,1.24,5268.0
7603200,23.08902241,1.24,3846.0
7216284,6.69958851,1.24,5296.0
5440317,2.31941571,1.24,5624.0
10615440,10.8118317,1.24,6025.0
5551240,4.13960513,1.24,6535.0
10141900,1.196548464,1.25,4999.0
9471268,2.248288213,1.25,5103.0
8165946,6.42199919,1.25,5985.0
11495458,10.45839865,1.25,4641.0
9285568,2.55315031,1.25,5970.0
7133294,13.6471211,1.25,5771.0
2581316,10.51421162,1.25,6259.0
10404582,10.32736351,1.25,5757.0
8874090,13.32389352,1.26,3751.0
10329835,1.52373073,1.26,3746.0
7620413,2.543063763,1.26,5579.0
10880507,6.4802138,1.26,5496.0
10593535,20.9254083,1.26,5821.0
11657891,2.514628496,1.27,5662.0
10070468,1.68189051,1.27,5827.0
7673192,8.92114318,1.27,6052.0
6937402,10.3108232,1.27,5708.0
6186964,2.164570593,1.27,3941.0
11389771,2.508553286,1.28,5814.0
4243911,1.922799706,1.28,5194.0
10332883,1.151166776,1.28,3951.0
9364609,14.97436238,1.28,5311.0
12416661,8.05337912,1.28,6231.0
11547513,10.10575764,1.28,5923.0
6451936,4.26374378,1.28,6032.0
7455287,12.07134205,1.29,3713.0
10858691,3.468073,1.29,5576.0
11014932,2.92721119,1.29,5616.0
10925104,8.041347775,1.29,3980.0
4275721,3.77359871,1.29,6224.0
8689793,3.554856338,1.29,6068.0
10328458,2.352273912,1.29,4816.0
12254909,5.349791,1.29,6074.0
8077137,22.8030252,1.29,6063.0
9468551,1.638652525,1.29,6119.0
8120608,13.3430025,1.29,3751.0
9590976,3.88688862,1.29,6167.0
6442340,23.4433748,1.29,5762.0
5644412,1.538185321,1.29,5107.0
9761615,1.79110997,1.29,6040.0
3657758,2.3702932,1.29,5668.0
5895158,1.093665854,1.29,5845.0
11442793,7.00821787,1.29,5970.0
10601284,8.10904807,1.3,5185.0
7455287,20.99587872,1.3,3713.0
8766650,12.43929428,1.3,4987.0
8611832,22.5968256,1.3,5610.0
6521045,6.88707073,1.3,5788.0
4852528,3.072146607,1.3,4041.0
7509886,6.0404622,1.3,5297.0
7509886,4.13852825,1.3,5297.0
9872831,5.49548533,1.3,6157.0
4138008,112.303136,1.3,4401.0
8395660,23.9800854,1.31,5854.0
10858691,5.9142668,1.31,5576.0
6962977,2.58083264,1.31,5296.0
5177104,3.02168007,1.31,6201.0
6268648,15.86624787,1.31,6099.0
9471268,6.76690759,1.31,5103.0
9411412,2.892216772,1.31,4229.0
8415200,4.52158614,1.31,5576.0
10585738,0.636424848,1.31,5343.0
3852655,11.62904159,1.31,5721.0
10026502,101.952048,1.31,6210.0
11671579,5.17624997,1.31,5578.0
8554701,31.1748311,1.31,6086.0
6026438,16.9348104,1.31,4650.0
5339567,4.86638504,1.32,5688.0
2142522,13.32354078,1.32,6113.0
8757824,3.65690909,1.32,6078.0
8095441,11.87457664,1.32,5523.0
3642289,11.44865823,1.32,6204.0
6442340,7.78199862,1.32,5762.0
11709124,9.91937693,1.32,5688.0
8552719,9.10969334,1.32,5611.0
11244682,3.490785878,1.32,5496.0
9458343,11.89520436,1.33,5649.0
8494617,22.9221181,1.33,5897.0
6345732,7.44136102,1.33,5937.0
6716545,13.9093544,1.33,6052.0
3942670,12.6119685,1.33,6007.0
4852528,4.645382149,1.33,4041.0
8557374,2.462344253,1.33,5736.0
9002278,5.71489692,1.33,4926.0
8230616,6.82778157,1.34,4198.0
5706966,12.55111099,1.34,4213.0
5175024,23.4772553,1.34,6384.0
8885643,3.40165617,1.34,6177.0
8292840,10.49566303,1.34,6214.0
10187017,10.31174786,1.34,4900.0
4827723,7.23858162,1.34,5411.0
11611275,6.94245216,1.34,6108.0
9904006,8.48651582,1.34,6178.0
6209677,7.76845639,1.35,5447.0
8680979,8.25980352,1.35,4891.0
5706595,4.57948235,1.35,5569.0
6933567,9.08233411,1.35,5354.0
7605093,0.634003002,1.35,5226.0
6929841,3.51575492,1.35,5094.0
6368230,26.0841212,1.35,6083.0
8247638,4.79090809,1.36,5527.0
5809890,2.853133997,1.36,5041.0
9006449,21.5262958,1.36,5607.0
11758544,2.7073064,1.36,6045.0
8022489,2.53573284,1.36,5616.0
11337566,7.12815163,1.36,6311.0
6294819,0.675650404,1.36,5966.0
8801316,3.93766786,1.36,6277.0
12024120,3.568099612,1.36,6007.0
10019643,7.81100952,1.36,5395.0
11125613,3.60082855,1.36,4838.0
7211221,5.62154315,1.37,5637.0
4136466,4.48758768,1.37,6060.0
8612275,3.289726319,1.37,5463.0
12401863,2.832647249,1.37,5865.0
9153570,3.81371423,1.37,5547.0
3239945,7.40611676,1.37,4799.0
3745690,1.732346403,1.37,5767.0
5689351,6.1954595,1.37,5001.0
6062088,11.32977062,1.37,5821.0
6425957,2.755637216,1.37,4121.0
9100953,8.70179611,1.37,5295.0
8346392,5.72812616,1.38,3968.0
10730034,2.633852528,1.38,5114.0
11389771,5.41908491,1.38,5814.0
11497958,5.841636615,1.38,3526.0
9471268,4.580346161,1.38,5103.0
7273277,2.714078374,1.38,5815.0
9886361,7.03146295,1.38,6170.0
11283615,1.289590179,1.38,5467.0
9881662,3.254277742,1.38,5945.0
9956082,3.74031708,1.38,6260.0
6359320,8.1280933,1.39,5831.0
8950568,17.9134215,1.39,5435.0
10136549,3.29276797,1.39,5683.0
10978763,6.98800953,1.39,5353.0
8013439,5.62904396,1.39,6197.0
11121752,7.63008196,1.39,6038.0
10793172,12.0999065,1.39,5553.0
3642335,60.8660974,1.39,3808.0
7977197,6.91986988,1.39,5815.0
10271806,3.13295351,1.39,5016.0
10386984,1.287076693,1.39,3736.0
4247991,104.3519624,1.39,5650.0
9886661,5.082748362,1.4,5430.0
10004738,13.93068791,1.4,5497.0
7219825,26.6951944,1.4,6086.0
5513012,0.679336747,1.4,5440.0
7382313,7.42697378,1.4,5573.0
6021275,6.41491277,1.4,5931.0
11125613,5.72716067,1.4,4838.0
8733898,3.036208739,1.4,3464.0
11650401,3.94660745,1.4,5376.0
9823519,1.766789509,1.4,3698.0
6685526,2.237489571,1.41,5265.0
5809890,1.269091415,1.41,5041.0
12506770,2.806243488,1.41,4153.0
10978763,10.55840479,1.41,5353.0
12404954,3.247548814,1.41,5703.0
8753657,2.426304127,1.41,5678.0
3239945,4.393157678,1.41,4799.0
8016691,18.1373788,1.41,4257.0
8644365,19.9158863,1.41,6047.0
6021275,110.2867031,1.41,5931.0
7287995,20.83762895,1.42,4261.0
5617854,3.517494725,1.42,4132.0
6152974,7.51854537,1.42,5064.0
10670119,2.732767897,1.42,3825.0
10024051,0.577369336,1.42,5255.0
9696358,6.98141327,1.42,6054.0
8077137,15.0896415,1.42,6063.0
7603200,13.78109471,1.42,3846.0
5866724,2.154911236,1.42,6181.0
8962094,9.36059705,1.42,5677.0
12068975,15.67750191,1.42,6003.0
11461844,13.6823798,1.43,6102.0
11410904,3.53232429,1.43,5761.0
4915638,8.63050092,1.43,5352.0
5272233,17.3408735,1.43,5885.0
7767162,3.30040818,1.43,6333.0
11499192,4.13592927,1.43,5886.0
11904151,0.837491225,1.43,5676.0
3541946,1.311842968,1.43,5569.0
9002278,267.282521,1.43,4926.0
3660924,4.24153629,1.44,5776.0
8700771,8.0922105,1.44,5774.0
9941066,5.87063416,1.44,4166.0
10857519,2.053341891,1.44,6084.0
6922710,23.1274171,1.44,5865.0
9851662,15.0539886,1.44,5475.0
7673192,11.24284815,1.44,6052.0
8051946,1.4951513,1.44,5635.0
11075737,2.586639524,1.44,5780.0
8193178,4.93883135,1.44,6112.0
10340423,6.73893544,1.44,4126.0
12068975,10.34973276,1.44,6003.0
9415172,1.04562195,1.45,5344.0
1718189,13.0607936,1.45,5830.0
7265298,11.0317836,1.45,5739.0
9753154,3.70429015,1.45,6732.0
11401755,13.84984567,1.45,5919.0
5953297,5.62006198,1.45,4868.0
11714231,5.8660127,1.45,6020.0
5689351,8.34819209,1.45,5001.0
8962094,68.1609897,1.45,5677.0
9272070,8.10503551,1.45,6201.0
6118370,14.0328775,1.45,6063.0
4242692,1.138548215,1.45,6520.0
5252423,4.71510843,1.46,4861.0
6962977,3.71545593,1.46,5296.0
8240797,4.915385452,1.46,5772.0
10583761,2.685054445,1.46,5266.0
9451706,14.4359459,1.46,6075.0
8616637,2.019997006,1.46,5103.0
9886361,13.61165024,1.46,6170.0
9353742,0.938750221,1.46,5497.0
9787239,0.742957911,1.47,3731.0
4466677,3.222975318,1.47,5823.0
8681734,7.68478504,1.47,5344.0
10453588,68.8861017,1.47,5753.0
3234598,31.2012202,1.47,4513.0
9269042,12.00089667,1.47,5195.0
9597345,3.619309734,1.47,5497.0
7040629,11.1317901,1.47,5966.0
8613535,9.47850818,1.47,6249.0
5531576,4.14451656,1.48,4768.0
6272413,4.89721006,1.48,5093.0
8547140,11.41926141,1.48,3823.0
6665512,6.92101452,1.48,4461.0
6774537,2.949029106,1.48,4983.0
8892157,3.73090026,1.48,5709.0
9229657,2.66831274,1.48,5806.0
7090524,6.73968289,1.48,5511.0
9467404,0.929906166,1.48,6039.0
3323887,1.59295975,1.48,5779.0
4917596,3.290114076,1.49,4484.0
10130039,12.75800092,1.49,5782.0
9704384,5.50860699,1.49,5448.0
3234598,12.90467523,1.49,4513.0
11752632,0.984941669,1.49,5825.0
8025596,4.69505576,1.49,5999.0
6690836,0.568874717,1.49,5223.0
11129738,2.613020421,1.5,3883.0
6026438,24.2101973,1.5,4650.0
7918992,1.434745129,1.5,5806.0
5374403,40.8366307,1.5,5529.0
8559152,12.4128518,1.5,5945.0
12156347,5.77957133,1.5,4102.0
8022489,11.1726723,1.5,5616.0
7419318,8.43639829,1.5,5188.0
10552611,7.0106324,1.5,4908.0
12785320,19.96367208,1.5,5250.0
8355239,10.39986173,1.5,4963.0
11823054,3.137845914,1.5,5041.0
6462863,3.743166733,1.5,6181.0
3632089,31.7787564,1.5,5638.0
11709124,3.93276627,1.5,5688.0
11611600,1.219568047,1.51,4838.0
8685497,4.4096675,1.51,5836.0
10212441,15.0447098,1.51,5798.0
12256520,33.2407985,1.51,5382.0
11288051,30.9505927,1.51,4983.0
2990873,16.22378479,1.51,5547.0
11236244,11.32269749,1.51,4563.0
8292840,21.86965714,1.51,6214.0
7673192,6.12479773,1.51,6052.0
6063220,4.603575293,1.51,4783.0
7596240,13.3997555,1.51,6401.0
11080405,12.3101351,1.51,5009.0
9828127,18.0541469,1.51,5505.0
11853878,5.70940795,1.51,4402.0
12784167,1.847892736,1.51,5763.0
8037145,51.1658019,1.51,4963.0
10157458,7.33685101,1.52,5795.0
10426656,2.97136658,1.52,5334.0
11497958,19.85029495,1.52,3526.0
12120307,8.00504749,1.52,6398.0
5175986,0.868386354,1.52,4792.0
9092504,0.962864171,1.52,5704.0
9701962,27.4784659,1.52,5432.0
10875245,3.180027898,1.53,5847.0
8282651,2.361724472,1.53,4478.0
10863608,8.07127043,1.53,5766.0
5364071,18.59611518,1.53,3834.0
6528464,12.58229808,1.53,5587.0
8361905,15.87360981,1.53,5656.0
6020753,4.069425638,1.53,4671.0
11241912,14.42735088,1.53,5929.0
11442793,8.71980135,1.53,5970.0
5956656,1.224866441,1.54,5553.0
7220429,8.03753796,1.54,5044.0
3661886,12.50945798,1.54,5949.0
8481129,16.3012727,1.54,4873.0
11303322,38.1303324,1.54,6370.0
7134976,11.18719905,1.55,4986.0
6934291,0.567856484,1.55,5073.0
9006449,12.64504291,1.55,5607.0
9838949,4.88084456,1.55,4929.0
7663405,5.1443645,1.55,5157.0
11460462,5.03728033,1.55,6387.0
6521045,35.3331932,1.55,5788.0
6586746,6.26404774,1.55,5032.0
8845205,18.47762694,1.55,3395.0
8222813,2.46697039,1.56,5074.0
7449541,3.00725068,1.56,5667.0
5511081,9.34145925,1.56,5951.0
12058204,16.7261969,1.56,5588.0
9395024,4.37033233,1.56,5657.0
9730163,4.871223664,1.56,3157.0
9838468,54.4099612,1.56,5746.0
3544595,4.72674037,1.56,5648.0
10554999,2.735900074,1.56,5299.0
3745690,7.0257409,1.56,5767.0
8017703,44.0003975,1.56,4859.0
11284772,207.24785,1.56,4339.0
8183288,66.6504521,1.56,4550.0
9466668,1.620467654,1.57,5553.0
7439316,2.617028373,1.57,4831.0
2304320,16.54081386,1.57,5064.0
6205897,4.417692516,1.57,4766.0
5080636,4.194496867,1.57,3706.0
2989404,1.6783263,1.57,6015.0
5364071,2.576571021,1.57,3834.0
9390653,9.549277089,1.57,3547.0
9881662,91.3514816,1.57,5945.0
8773015,15.604841,1.57,6254.0
8494410,7.2593226,1.57,5914.0
8288947,3.75574267,1.58,5311.0
11547505,0.938466959,1.58,5499.0
9821454,17.9776037,1.58,6296.0
8013439,13.39155154,1.58,6197.0
11670125,1.217000383,1.58,4859.0
10068659,11.47685263,1.58,5550.0
11768142,38.0970717,1.58,3554.0
5866724,8.13121389,1.58,6181.0
6425957,20.30652862,1.58,4121.0
3867615,20.0983676,1.58,6053.0
10872983,2.56658897,1.59,6046.0
2837111,8.7348852,1.59,5982.0
11032227,7.19304935,1.59,6185.0
11457726,6.22161107,1.59,6277.0
10130039,25.0985083,1.59,5782.0
10670119,14.87149773,1.59,3825.0
6021193,7.54235832,1.59,5711.0
11360805,26.7838935,1.59,5242.0
11037511,3.11604194,1.59,5591.0
7175184,5.88527364,1.59,6070.0
7175184,10.10463142,1.59,6070.0
3446746,13.14496741,1.59,5411.0
5688790,8.07394097,1.59,3675.0
11192998,1.55400389,1.59,5409.0
11014932,15.0549356,1.6,5616.0
10905746,9.8786461,1.6,3609.0
7808587,6.24145791,1.6,5810.0
5301750,4.22453631,1.6,6036.0
2307415,4.6126736,1.6,6140.0
10489345,1.003931703,1.6,4949.0
7457296,3.97076603,1.6,5178.0
9278725,1.104462494,1.6,5002.0
4458082,4.89336495,1.6,6688.0
4249725,12.7945474,1.6,4090.0
11308499,3.28192056,1.6,5859.0
10028535,0.663085361,1.6,5172.0
11244137,2.03387483,1.6,5282.0
6584273,51.1104797,1.6,5968.0
11358389,17.7838298,1.6,6014.0
11336883,7.16893064,1.61,6221.0
10055126,19.7383992,1.61,5903.0
9489524,16.33269981,1.61,5208.0
8611832,45.3486381,1.61,5610.0
12120307,12.13070414,1.61,6398.0
10098844,47.4497134,1.61,6007.0
8037145,5.433132902,1.61,4963.0
6106282,101.1107014,1.61,4133.0
10153855,1.06378861,1.61,5265.0
5436502,2.090811305,1.62,5739.0
8150320,4.617490562,1.62,4500.0
3240158,15.9868932,1.62,6049.0
10154388,12.06222962,1.62,5547.0
9455556,3.70122061,1.62,5616.0
6310636,0.921030497,1.62,5843.0
2989404,3.553831111,1.62,6015.0
1996180,3.02558494,1.62,6123.0
5272233,9.02436414,1.62,5885.0
10908248,39.859505,1.62,5675.0
8480582,18.5010898,1.62,5242.0
5965819,3.54553077,1.62,5794.0
10080248,14.8783945,1.63,5822.0
7901948,2.578852119,1.63,5743.0
11669125,70.6981724,1.63,5811.0
8277797,4.33722007,1.63,5390.0
7604328,4.35407371,1.63,5455.0
9008737,14.7512034,1.63,5653.0
8616637,3.763041531,1.63,5103.0
4757437,4.42535097,1.63,5946.0
5709725,3.701765401,1.63,5252.0
10460984,5.03505665,1.63,5888.0
8344004,2.06190864,1.63,5622.0
9183378,3.38557445,1.63,5718.0
4381429,16.473474,1.63,5364.0
2584163,14.5598556,1.64,5959.0
11954842,12.98494603,1.64,5948.0
8042453,11.17392077,1.64,5911.0
6768394,7.1329472,1.64,5862.0
7107802,10.41728722,1.64,5557.0
10973664,1.208462378,1.64,6122.0
8507475,3.58273837,1.64,5448.0
6949607,8.98581901,1.65,4072.0
10166274,3.353732008,1.65,3789.0
6198999,3.93246069,1.65,4841.0
4055304,0.571038347,1.65,5132.0
7204981,5.1233204,1.65,5364.0
7595157,3.383540239,1.65,5300.0
6685609,3.07155284,1.65,5918.0
7040629,7.46662068,1.65,5966.0
6705026,9.5084871,1.65,6144.0
7870390,5.169804269,1.66,3906.0
11389771,13.75129636,1.66,5814.0
10055126,9.17617167,1.66,5903.0
9015738,13.93291548,1.66,6026.0
2556650,2.852348262,1.66,3731.0
9827149,2.131945045,1.66,5845.0
9963524,2.79590004,1.66,5244.0
5956342,6.84619236,1.67,5839.0
8559644,3.341799486,1.67,5873.0
3245969,11.39102358,1.67,4983.0
9214942,18.75470238,1.67,3976.0
4736569,10.13200555,1.67,4777.0
5940165,9.30413878,1.67,4458.0
11342416,25.3690868,1.67,6126.0
10982872,41.8085031,1.67,5794.0
3217264,55.3291399,1.67,5376.0
5088400,8.82715783,1.67,5550.0
12055539,12.27057043,1.67,6075.0
9967771,0.53835407,1.67,5539.0
2849805,3.749105745,1.68,5751.0
9649706,1.569066598,1.68,5821.0
5384079,7.05675145,1.68,6388.0
4142847,2.888904439,1.68,4895.0
9205938,108.593113,1.68,5678.0
11125613,9.99115241,1.68,4838.0
10027247,86.829519,1.68,3576.0
5480640,14.4252635,1.68,5467.0
11807274,7.81285862,1.68,6237.0
5640085,10.13958818,1.68,3893.0
11810124,3.63898953,1.68,5533.0
8081239,10.35857039,1.68,5893.0
6948054,3.219814777,1.69,5103.0
3632418,2.785821236,1.69,6202.0
6924203,6.8833761,1.69,5679.0
10744335,4.59726613,1.69,5999.0
8950568,8.30537702,1.69,5435.0
9412760,9.38740646,1.69,4500.0
11923284,2.757977384,1.69,5919.0
10909127,3.17059731,1.69,5431.0
6768394,11.8984948,1.69,5862.0
11348997,5.132486123,1.69,3879.0
11415243,168.81133,1.69,4798.0
1724719,5.79179934,1.69,6174.0
11651712,14.53260546,1.69,6003.0
10601284,3.94105221,1.7,5185.0
10875245,4.90144976,1.7,5847.0
8689373,3.78402867,1.7,5196.0
5880320,4.75796103,1.7,6021.0
5219234,3.20539622,1.7,5103.0
10686864,2.97041801,1.7,5068.0
4932442,6.93365167,1.7,5861.0
6356207,3.76417012,1.7,5063.0
8321314,15.03366411,1.7,5523.0
11824786,12.94123564,1.7,6119.0
7769819,2.21571296,1.7,5417.0
9475552,0.843379985,1.7,4818.0
5520547,11.20058855,1.7,6038.0
3966801,25.69581456,1.7,3787.0
7091432,11.55532445,1.7,5149.0
8410727,25.2630467,1.71,6071.0
8564587,11.60908533,1.71,5320.0
9824805,4.4444826,1.71,6240.0
10190777,1.411230023,1.71,4575.0
10005788,10.99470891,1.71,4302.0
7542813,16.8600805,1.71,6205.0
8081905,3.27645723,1.71,5812.0
10656823,34.0963441,1.71,5320.0
3548044,67.968656,1.71,5670.0
7455287,8.01078456,1.72,3713.0
11512246,7.10695741,1.72,5761.0
10879038,4.8538404,1.72,5778.0
8959839,22.7082375,1.72,6170.0
8733898,5.14892346,1.72,3464.0
5775129,3.84822189,1.72,5927.0
9002278,122.3858681,1.72,4926.0
5941160,10.22215697,1.72,5675.0
6685609,1.61189046,1.72,5918.0
7040629,16.25951967,1.72,5966.0
8416523,0.341842017,1.72,5016.0
8653134,5.34264143,1.72,5101.0
6949607,5.912273234,1.73,4072.0
8692861,242.467406,1.73,5637.0
6871071,1.897828815,1.73,5640.0
10253547,25.7457957,1.73,6103.0
10730703,5.60013327,1.73,5288.0
8733898,1.565412613,1.73,3464.0
11508644,14.2563272,1.73,6140.0
7434875,3.336123113,1.74,5097.0
5880320,8.19345065,1.74,6021.0
7211469,11.29689442,1.74,6096.0
3442055,29.6193891,1.74,5618.0
9006449,33.8845825,1.74,5607.0
11853878,3.69298623,1.74,4402.0
9415108,4.51005082,1.74,5362.0
8380709,24.3344939,1.74,6091.0
5096590,29.6099055,1.74,5812.0
10878263,4.699652821,1.74,5497.0
8459663,174.510276,1.74,4367.0
8150320,10.19849255,1.75,4500.0
2854698,76.0498163,1.75,5251.0
1718189,21.85362905,1.75,5830.0
7449136,4.33643506,1.75,6180.0
7094486,11.35010642,1.75,3597.0
10978763,4.97760447,1.75,5353.0
10454632,20.16037858,1.75,4975.0
4857213,8.77425786,1.75,5146.0
3548044,34.7630543,1.75,5670.0
12058204,5.53533152,1.75,5588.0
9664142,13.5631157,1.75,5853.0
10059645,6.49441464,1.75,4769.0
5941160,8.59481851,1.75,5675.0
12066569,49.2768448,1.75,3899.0
8037038,4.09513876,1.75,5858.0
6690082,2.1395563,1.76,5534.0
4644952,4.36273233,1.76,5527.0
11358389,10.66489514,1.76,6014.0
6615511,25.1593389,1.76,5973.0
11014932,38.2856338,1.77,5616.0
4275721,8.18182189,1.77,6224.0
7626370,1.921437488,1.77,5238.0
9304101,13.24503482,1.77,5636.0
9351920,8.79618433,1.77,6142.0
12021625,15.9314412,1.77,5380.0
4832837,2.628117322,1.77,3939.0
7604328,2.936587946,1.77,5455.0
3433668,15.0219784,1.77,5831.0
7375348,25.30893566,1.77,5949.0
7678434,3.96996298,1.78,5121.0
9415172,5.71462396,1.78,5344.0
10350571,31.5925809,1.78,5676.0
4741126,20.4222447,1.78,6119.0
6034945,9.11500269,1.78,5962.0
4989057,7.23400381,1.78,5411.0
10001368,4.76831033,1.78,6237.0
8760040,18.2206024,1.78,5951.0
6289257,19.67409703,1.78,6023.0
6850504,3.696121272,1.78,5465.0
6347299,25.6613816,1.78,5815.0
9579641,7.12594387,1.79,5779.0
11401182,0.927859786,1.79,4815.0
6871071,3.2828024,1.79,5640.0
6767840,8.679037,1.79,6117.0
11572193,10.6761592,1.79,6460.0
3128552,4.02582434,1.79,5509.0
4725681,23.96793669,1.8,3747.0
10990917,11.04605365,1.8,6093.0
6382217,8.41100305,1.8,3757.0
8381204,8.32651854,1.8,6057.0
4483138,15.3626052,1.8,5011.0
9950612,9.034190783,1.8,4499.0
10858691,29.2214959,1.81,5576.0
4636578,11.1895709,1.81,6188.0
7672097,7.97033985,1.81,5774.0
6786037,6.21716039,1.81,5751.0
5281113,11.17931581,1.81,6292.0
4725681,8.29561738,1.82,3747.0
5438099,4.64622383,1.82,4955.0
11413812,5.65378163,1.82,5988.0
9946525,1.729367077,1.82,5227.0
5686174,14.28228147,1.82,4102.0
8409295,82.292865,1.82,5626.0
4139816,46.1842039,1.83,3950.0
9710326,28.59914031,1.83,3755.0
9787239,8.75209691,1.83,3731.0
6021193,11.93205399,1.83,5711.0
10018233,16.2959916,1.83,5495.0
7040629,4.22865217,1.83,5966.0
11401767,6.84978728,1.83,6056.0
6541920,10.30401132,1.84,5657.0
4650674,4.51436096,1.84,5940.0
4263293,32.1340014,1.84,4347.0
6768394,8.91901228,1.84,5862.0
6269070,2.7612237,1.84,6381.0
8753896,3.24417541,1.84,5094.0
12206313,14.3832267,1.84,6115.0
9716391,13.1829329,1.84,5382.0
9590976,8.58600968,1.84,6167.0
5977470,140.251943,1.84,4821.0
8150320,2.211116989,1.85,4500.0
8150320,42.1406089,1.85,4500.0
5735762,4.77800306,1.85,5192.0
3749134,11.30123036,1.85,5730.0
9277896,4.59489816,1.85,6056.0
7047363,31.0572947,1.85,5395.0
5088536,87.5177787,1.85,5903.0
11361646,7.97420583,1.85,5973.0
9458613,5.66815821,1.85,5900.0
6442340,13.13747785,1.85,5762.0
7747457,1.5184181,1.85,6302.0
7366258,2.382951591,1.86,5427.0
2715135,5.747711909,1.86,4252.0
12453581,11.94019101,1.86,5073.0
7289317,16.83203175,1.86,5518.0
6528464,33.67280658,1.86,5587.0
6665695,5.378868001,1.86,5077.0
11560897,110.978266,1.86,5883.0
3728432,3.90863457,1.86,4518.0
10166274,28.46464804,1.87,3789.0
10604335,92.7495777,1.87,4141.0
10027323,105.3582299,1.87,3883.0
4263293,8.45746636,1.87,4347.0
7668663,6.4980147,1.87,5727.0
12017109,9.75374033,1.87,5806.0
6287313,10.62788695,1.87,6082.0
10617017,13.15140223,1.87,6154.0
11308499,12.51610549,1.87,5859.0
12254378,2.032319072,1.87,6156.0
12302530,52.6615266,1.87,3984.0
8950568,12.51353325,1.88,5435.0
7747425,8.0103929,1.88,5616.0
12164564,3.35184041,1.88,6198.0
2692377,1.541676547,1.88,5533.0
6020753,16.28247625,1.88,4671.0
10717220,21.0907909,1.88,5723.0
12110942,3.689920099,1.89,5880.0
10136549,9.69315023,1.89,5683.0
11807274,9.37663713,1.89,6237.0
7269974,4.309381978,1.89,5541.0
4563268,7.75192755,1.89,5604.0
8150320,27.9541337,1.9,4500.0
11193263,6.91134223,1.9,5685.0
11356260,8.50698069,1.9,5822.0
9401997,32.2964275,1.9,5246.0
7815744,14.20442616,1.9,5350.0
8564674,12.2476121,1.9,5741.0
8478994,39.79220077,1.9,5437.0
9076971,9.06687613,1.9,5142.0
4847534,9.66857386,1.9,5288.0
5784777,5.33905606,1.9,5057.0
12066335,10.06524317,1.91,4077.0
3832474,29.1598615,1.91,5485.0
4043190,6.40087137,1.91,5426.0
3967760,8.77514782,1.91,5334.0
6196457,49.3567907,1.91,5862.0
11720424,23.9107056,1.91,6338.0
10290666,5.45849914,1.91,5914.0
2854698,8.18739443,1.92,5251.0
10468940,2.936527336,1.92,5359.0
8564674,5.92972237,1.92,5741.0
8164257,6.47539108,1.92,4954.0
6867555,5.19103699,1.92,6321.0
9139084,5.83599485,1.92,5423.0
9631762,10.35586478,1.92,4646.0
8030339,5.71668787,1.92,5638.0
12066335,19.27153892,1.93,4077.0
6773862,17.76076524,1.93,3826.0
8978528,18.6848377,1.93,4156.0
5036705,4.14789051,1.93,6150.0
9642292,15.1408916,1.93,5926.0
5184911,4.11585514,1.93,4827.0
6021275,18.01019956,1.93,5931.0
9020160,9.93962361,1.93,5105.0
9823519,4.49686066,1.93,3698.0
6435936,56.0560754,1.94,3593.0
9787239,5.90127815,1.94,3731.0
10426656,6.05729966,1.94,5334.0
8628758,14.37457572,1.94,5768.0
5629538,15.18727049,1.94,6136.0
9336200,1.755843555,1.94,5569.0
11962284,8.83929462,1.94,5330.0
11662184,27.5722144,1.94,5912.0
7050989,16.39926461,1.94,6156.0
10982872,2.024143568,1.94,5794.0
10924562,18.6052046,1.94,6572.0
11547513,5.317440164,1.94,5923.0
8008206,20.72904234,1.94,4979.0
12056139,13.2274753,1.94,6269.0
8826007,54.5091549,1.94,4406.0
9230021,8.74192361,1.94,5596.0
8229696,10.12805158,1.95,5676.0
9818462,25.9421582,1.95,5167.0
10022908,6.99130452,1.95,4847.0
8492026,4.30656389,1.95,6108.0
9364290,5.26211833,1.95,5587.0
11080405,25.1933989,1.95,5009.0
8738735,28.7796446,1.95,6000.0
5374854,8.50339249,1.95,5877.0
10714072,8.40693068,1.95,5365.0
4139816,20.06036336,1.96,3950.0
7045496,13.47472742,1.96,5395.0
9597058,12.05705659,1.96,5365.0
12008872,14.8877665,1.96,6143.0
9447166,62.869463,1.96,4762.0
7109675,6.76652928,1.97,5149.0
5438757,10.35078415,1.97,5534.0
4633570,28.55158187,1.97,4621.0
5807769,7.99022379,1.97,5689.0
6693640,13.71938426,1.98,6387.0
6200235,1.078389713,1.98,5325.0
4831728,10.10773789,1.98,5480.0
9002278,18.16407304,1.98,4926.0
11177676,47.0320478,1.98,5370.0
11754553,36.4454001,1.99,4126.0
11853255,2.243380573,1.99,4149.0
4770365,9.51220046,1.99,4224.0
2307415,13.12162167,1.99,6140.0
11444514,66.373298,1.99,6143.0
11754553,16.38489988,2.0,4126.0
3438507,8.39842977,2.0,6309.0
5735762,42.89645024,2.0,5192.0
10468940,8.01500821,2.0,5359.0
12252424,4.75400072,2.0,4728.0
8242434,44.96407458,2.0,4827.0
3661886,27.0142622,2.0,5949.0
4249725,6.312508525,2.0,4090.0
9995771,25.4337864,2.0,5806.0
3554031,8.70798309,2.01,4362.0
1725016,7.40742502,2.01,5922.0
6026438,5.47665801,2.01,4650.0
11498128,106.247882,2.01,5679.0
10404582,37.8658964,2.01,5757.0
12302530,5.931196562,2.01,3984.0
6037187,41.8059544,2.02,5907.0
6387542,2.53475568,2.02,5662.0
9112931,10.71253475,2.02,4175.0
7510820,29.3493852,2.02,4987.0
4139816,3.340218842,2.03,3950.0
3116412,12.99204853,2.03,5765.0
8644288,3.504691252,2.03,5356.0
6936909,5.70070626,2.03,5993.0
5009743,41.6980186,2.03,5997.0
7747425,42.4729078,2.03,5616.0
8218379,16.57099265,2.03,5483.0
6871071,5.02818253,2.03,5640.0
3848275,5.19492747,2.03,6415.0
11905011,5.65178922,2.03,6085.0
2557816,9.3789167,2.03,5684.0
8036287,1.44445234,2.03,5305.0
8125580,17.31711739,2.04,4719.0
10963242,6.1469956,2.04,6110.0
4263293,17.28116957,2.04,4347.0
8167996,13.96950181,2.04,3716.0
7747425,27.6666375,2.04,5616.0
5706595,19.0231361,2.04,5569.0
8107225,5.63252508,2.04,5216.0
4914566,22.2420032,2.04,5979.0
10933561,8.12999858,2.04,5611.0
9076513,2.437029217,2.04,5573.0
11669239,13.81733587,2.04,5735.0
9873254,14.70749512,2.04,5676.0
10166274,6.877446033,2.05,3789.0
10024701,14.37504582,2.05,5931.0
9071593,32.5635249,2.05,5225.0
7504778,17.1369408,2.05,6218.0
5640085,43.5859419,2.05,3893.0
8738735,15.66057688,2.05,6000.0
2713049,2.539183147,2.06,5519.0
9466668,5.83909761,2.06,5553.0
3839488,11.13127159,2.06,5800.0
10158729,58.601926,2.06,6250.0
7050989,11.57890926,2.06,6156.0
3234843,10.61368712,2.06,5815.0
11656721,13.64617478,2.06,5569.0
10600261,2.09227115,2.06,5565.0
5531694,5.16949729,2.06,6011.0
3231341,4.24439049,2.07,5896.0
8410727,11.47609015,2.07,6071.0
11337833,51.3011844,2.07,6032.0
5972334,38.6520796,2.07,5422.0
9395719,2.607545159,2.07,6147.0
3102384,10.573751447,2.07,5720.0
9886361,54.2811949,2.07,6170.0
6878240,22.2508509,2.07,5307.0
9907129,9.705693,2.07,5808.0
7288306,96.169569,2.07,5340.0
11176127,22.92886314,2.08,4463.0
11288505,19.80787763,2.08,5775.0
6851425,11.1199028,2.08,5078.0
10925104,11.776132317,2.08,3980.0
5289854,9.69501146,2.08,5896.0
2985767,14.07969236,2.08,5821.0
6037581,9.59993246,2.08,5865.0
4644952,31.7821117,2.08,5527.0
10266615,10.94026745,2.08,5749.0
3847138,11.72291212,2.08,5550.0
8753896,14.5123622,2.08,5094.0
8611781,76.957056,2.09,5878.0
3964109,21.41624083,2.09,6156.0
8017703,13.98177862,2.09,4859.0
4556468,114.336052,2.09,5802.0
9285265,16.5860329,2.09,5626.0
11153539,4.49876511,2.1,6075.0
4913852,8.11437482,2.1,3692.0
12206313,47.3186631,2.1,6115.0
9837661,2.226496196,2.1,3640.0
5209845,11.95401876,2.1,4359.0
7419318,18.73577127,2.1,5188.0
10545066,19.7830259,2.1,5747.0
10587105,1.980356674,2.1,6078.0
2571238,9.286964466,2.1,5546.0
10577994,8.1808949,2.1,5081.0
7047824,24.7543849,2.1,4852.0
5252423,8.10363271,2.11,4861.0
9466668,3.388012244,2.11,5553.0
11176127,10.47548084,2.11,4463.0
6962977,11.97884409,2.11,5296.0
5375194,13.52252364,2.11,5338.0
9973109,27.495634,2.11,5657.0
9349482,110.9643706,2.11,4441.0
7286911,11.55562042,2.11,5420.0
12116380,4.3394569,2.11,5330.0
6429812,94.289223,2.11,5632.0
9570741,15.77980122,2.11,5941.0
6587002,20.73989406,2.11,5132.0
11018648,91.7732862,2.12,5586.0
8956206,6.17998508,2.12,5149.0
11760231,49.6075771,2.12,5187.0
3546060,9.69310837,2.12,4818.0
6345732,20.2642023,2.12,5937.0
9530945,7.69363627,2.12,6086.0
9590976,5.37493289,2.12,6167.0
9027909,64.6589166,2.12,5821.0
9388479,9.467821474,2.13,3582.0
6962977,7.0556584,2.13,5296.0
6205228,3.770590654,2.13,5714.0
10329469,55.8224775,2.13,5162.0
6751874,6.89226333,2.13,5862.0
9757613,46.82767725,2.13,3879.0
5364071,10.91274065,2.13,3834.0
12120484,17.2922631,2.13,5936.0
5695396,16.09196369,2.13,5680.0
9964801,13.72462702,2.13,5817.0
5438099,7.24022418,2.14,4955.0
5289854,15.3825394,2.14,5896.0
5599774,8.49640437,2.14,5093.0
9351316,18.78429232,2.14,4243.0
10132832,16.07673148,2.14,5957.0
6029239,8.512037736,2.14,5767.0
6071903,24.30784323,2.14,5313.0
7440748,4.9213639,2.14,5076.0
10271806,18.64349986,2.14,5016.0
9896558,153.348739,2.14,6127.0
10604335,11.00817635,2.15,4141.0
9726659,3.148661555,2.15,5258.0
10656823,8.30783912,2.15,5320.0
5860968,122.358116,2.15,5998.0
11754553,7.8774163,2.16,4126.0
8609450,24.8056775,2.16,5600.0
11623629,81.737872,2.16,5559.0
4852528,7.053527145,2.16,4041.0
4852528,9.521644639,2.16,4041.0
7445445,20.30303506,2.16,5788.0
8805348,29.90721859,2.16,5739.0
7033671,9.48965527,2.16,5672.0
9787239,22.78078241,2.17,3731.0
11512246,15.27443889,2.17,5761.0
6949061,8.96847034,2.17,5808.0
8826168,11.55103848,2.17,5907.0
11074178,9.18189122,2.17,5741.0
8611257,99.2532336,2.17,5010.0
5794570,5.448321078,2.17,5721.0
9962455,5.77721259,2.17,5416.0
8494142,22.95062278,2.17,6143.0
3745690,13.54057461,2.17,5767.0
9578686,21.3851584,2.17,5376.0
7287995,12.03987488,2.18,4261.0
2302548,10.38122447,2.18,5095.0
2165002,47.3329299,2.18,4987.0
6936909,3.546531809,2.18,5993.0
11037335,10.44635944,2.18,5968.0
6383821,27.07237655,2.18,5936.0
8680979,15.95541913,2.18,4891.0
4833421,21.58752788,2.18,6038.0
12456601,15.64588656,2.18,5896.0
4645174,15.0330623,2.18,5849.0
7517261,23.2385587,2.18,6602.0
6960913,59.8780258,2.19,4016.0
9573539,10.04556377,2.19,5632.0
7955580,55.673582,2.19,4998.0
8612275,7.18644594,2.19,5463.0
6921944,4.421566535,2.19,4299.0
12834874,7.65880048,2.19,5657.0
4282191,41.7084063,2.19,6434.0
6803855,71.4523167,2.19,6148.0
3447722,10.30067919,2.2,6157.0
11037335,40.7150498,2.2,5968.0
2441495,12.49340725,2.2,5207.0
6786348,26.964501,2.2,5754.0
11551692,3.005156911,2.2,4920.0
8240797,13.09390911,2.2,5772.0
11288051,13.82142084,2.2,4983.0
10122538,5.53609368,2.2,3891.0
8884274,10.65275054,2.2,5602.0
9349757,36.4337867,2.2,5566.0
10122255,27.6652847,2.21,6036.0
8973129,24.1738244,2.21,5468.0
11295426,5.398752862,2.21,5790.0
10122538,12.2854718,2.21,3891.0
6428794,169.135056,2.21,5171.0
6105462,89.7224125,2.21,6429.0
8630788,14.64613058,2.22,5717.0
4455231,6.09747233,2.22,5661.0
3326377,13.22714056,2.22,5180.0
4833421,56.2590881,2.22,6038.0
12061222,17.20522898,2.22,5211.0
3833007,16.21774917,2.22,5837.0
6381846,39.6034,2.22,5456.0
8557374,4.822969318,2.22,5736.0
8047428,92.263742,2.22,6084.0
7870390,9.7704486,2.23,3906.0
5438099,17.32670445,2.23,4955.0
8692861,13.7223682,2.23,5637.0
3969687,16.3583482,2.23,6133.0
8962094,30.86436512,2.23,5677.0
11754430,39.818832,2.23,5710.0
9034103,7.13969705,2.24,6014.0
5689351,13.76710058,2.24,5001.0
10599206,18.42794957,2.24,4768.0
6755944,0.692978457,2.24,6105.0
8151055,29.9632816,2.24,4463.0
5280587,35.6225528,2.24,5799.0
8636333,82.175197,2.24,6247.0
5531576,7.953547,2.25,4768.0
7870390,20.09017037,2.25,3906.0
3967760,5.52418625,2.25,5334.0
9790806,1.93155546,2.25,5461.0
10676014,16.78175788,2.25,4925.0
5364071,7.203855862,2.25,3834.0
6779260,3.833087643,2.25,5397.0
4141376,11.87290814,2.25,6147.0
11401767,30.0899459,2.25,6056.0
8142787,178.139072,2.25,5431.0
10989274,16.17803,2.25,5929.0
10122538,37.6333868,2.25,3891.0
10797460,9.48803557,2.26,5455.0
6359320,5.32667299,2.26,5831.0
6962977,20.8341497,2.26,5296.0
9347009,19.32945602,2.26,5026.0
10464050,4.469754641,2.26,5988.0
8233702,41.6977582,2.26,5730.0
6105462,25.0823402,2.26,6429.0
6521045,12.81590421,2.26,5788.0
11904151,45.29422297,2.26,5676.0
7447200,2.453236139,2.26,3912.0
4833421,5.766165573,2.27,6038.0
11568987,15.95995611,2.27,5936.0
8037145,25.75274977,2.27,4963.0
4633570,16.70920628,2.27,4621.0
6587280,20.0261412,2.28,5237.0
3859079,53.5292702,2.28,4736.0
7626506,8.408878137,2.28,5551.0
4135665,4.16811839,2.28,5689.0
10779233,201.118319,2.28,5646.0
3867615,62.7843981,2.28,6053.0
5340644,8.22241355,2.28,4213.0
3531558,24.99324319,2.29,5718.0
5301750,44.5520266,2.29,6036.0
8017703,247.354914,2.29,4859.0
6365156,10.21418792,2.29,5843.0
11460018,4.280963604,2.3,5644.0
9466668,10.6816951,2.3,5553.0
5511081,24.3110031,2.3,5951.0
11192998,7.650243513,2.3,5409.0
4165473,13.02363236,2.3,5627.0
5794379,12.71809866,2.31,4702.0
9513865,3.601465336,2.31,5052.0
11153121,32.2753853,2.31,5726.0
5269467,33.8677783,2.31,4564.0
6962109,17.13263125,2.31,5477.0
10549023,14.36270451,2.31,6643.0
9466429,44.616751,2.31,6763.0
6196457,26.723169,2.31,5862.0
10934674,16.54295261,2.31,5215.0
4476123,22.36646466,2.32,5395.0
5436502,6.15560285,2.32,5739.0
6948054,17.46087931,2.32,5103.0
7626506,28.5742692,2.32,5551.0
7102227,14.58932429,2.32,5142.0
9589323,3.949627144,2.32,5155.0
6206214,13.53953595,2.32,6109.0
9845898,45.126216,2.32,6499.0
6267535,6.07972016,2.32,5460.0
6678383,23.66834635,2.32,5979.0
11757451,177.668663,2.32,4721.0
7287995,5.95489993,2.33,4261.0
4077526,10.21864532,2.33,6100.0
5371776,5.315954488,2.33,4723.0
12602568,8.04727721,2.33,5840.0
5022828,23.5541012,2.33,9565.0
11569782,2.787874175,2.33,4827.0
7047207,19.1187425,2.33,5862.0
3642289,6.002548291,2.33,6204.0
9279669,3.722158895,2.33,5617.0
5791986,24.67458244,2.33,5456.0
10340423,18.79418506,2.33,4126.0
6587002,47.4277116,2.33,5132.0
7429240,196.436796,2.33,5462.0
6619815,65.9407869,2.33,5982.0
11918099,2.337437946,2.34,5005.0
8505670,10.8484518,2.34,4201.0
7207061,12.33087921,2.34,5376.0
4770617,5.18560081,2.34,6172.0
8110767,20.49041,2.34,5681.0
11701407,18.8262877,2.34,5215.0
10593626,289.864067,2.34,5516.0
10577994,15.31296388,2.34,5081.0
5456651,11.76307164,2.35,4959.0
7134976,4.601811819,2.35,4986.0
7841925,14.16400071,2.35,5440.0
9641481,42.1918331,2.35,5520.0
5609593,136.205112,2.35,4648.0
2438264,15.90688891,2.35,5097.0
6678383,11.427550984,2.35,5979.0
5965819,8.23983041,2.35,5794.0
12470844,60.4189369,2.36,5354.0
7118364,4.347288783,2.36,5754.0
8158127,4.08897299,2.36,5897.0
10337517,7.053934488,2.36,5357.0
12252424,8.925079516,2.36,4728.0
6451936,8.00579096,2.36,6032.0
8738775,48.0506878,2.36,5332.0
11709124,33.0405509,2.36,5688.0
5456651,56.2279271,2.37,4959.0
9761882,24.58716355,2.37,5474.0
10657406,34.1732156,2.37,5201.0
2693736,12.12401737,2.37,5094.0
7286173,56.4349933,2.37,5534.0
9651234,96.9151707,2.37,5162.0
11621223,4.903321801,2.37,6045.0
7440748,7.064252021,2.37,5076.0
4271474,21.8634638,2.37,5383.0
9527915,13.22175358,2.38,5211.0
9411166,1.954525966,2.38,5741.0
5511081,13.72710334,2.38,5951.0
8676148,28.6253502,2.38,5774.0
10122538,20.9569985,2.38,3891.0
5956342,67.8321638,2.39,5839.0
5956342,43.1312147,2.39,5839.0
3342794,14.17222858,2.39,5845.0
4833421,37.9962369,2.39,6038.0
9893318,18.0161227,2.39,6245.0
10842192,9.33648141,2.39,4442.0
10718726,3.595769013,2.39,5762.0
10271806,11.34934848,2.39,5016.0
4939346,34.9168399,2.39,6194.0
9529744,8.37159554,2.39,6426.0
9605514,25.8474958,2.4,6297.0
5470739,19.17893976,2.4,5767.0
8543100,7.56052209,2.4,5895.0
8804397,60.0853848,2.4,6028.0
9839821,34.8536903,2.4,5818.0
11133306,41.74598855,2.4,5978.0
10586004,15.79196594,2.4,5758.0
7119481,25.85499978,2.4,6122.0
1432789,9.93146307,2.41,5782.0
10426656,10.93725572,2.41,5334.0
8564587,5.729317577,2.41,5320.0
5371776,9.65349016,2.41,4723.0
5561278,20.31047472,2.41,6065.0
8197343,11.79161234,2.41,5619.0
10854546,2.168451063,2.41,6153.0
7515762,40.9905002,2.41,5842.0
11192998,34.25951418,2.41,5409.0
8822216,151.863949,2.41,5713.0
9607164,14.03490255,2.41,5258.0
3747817,184.77271,2.41,5273.0
8105398,224.150923,2.41,6072.0
6869184,43.3167427,2.42,5654.0
6037581,20.67876365,2.42,5865.0
5959753,8.30865307,2.42,5022.0
8007644,25.2034128,2.42,5831.0
1995519,19.9401211,2.42,5623.0
8004903,11.25401871,2.42,5995.0
11134879,4.30165843,2.42,5480.0
10227020,7.38443269,2.42,5814.0
6949061,23.2218115,2.42,5808.0
7366258,5.902245782,2.43,5427.0
8226994,17.64830851,2.43,5029.0
9895006,10.56137217,2.43,5610.0
3728701,51.1319346,2.43,6071.0
8866102,17.83367834,2.43,6407.0
6291033,3.705991661,2.43,6187.0
5121511,30.99664113,2.43,5324.0
5272878,6.365839713,2.44,5776.0
8226050,34.2685741,2.44,5083.0
11614617,24.7577652,2.44,6106.0
10187159,7.96431492,2.44,5185.0
8164012,1.252753881,2.44,5907.0
11403389,45.0909201,2.44,5790.0
11129258,25.384175,2.44,6137.0
10395381,17.6717714,2.44,4869.0
6026924,56.644452,2.44,6237.0
9730163,8.15275885,2.44,3327.0
7458762,7.41113177,2.45,5849.0
9825625,7.03902016,2.45,6321.0
8609450,44.3471936,2.45,5600.0
10384798,38.505224,2.45,5974.0
8802693,26.41044199,2.45,5448.0
11622600,82.5341188,2.45,4316.0
8260902,38.6715843,2.45,5432.0
4454934,33.4698571,2.45,5912.0
2716801,42.5217006,2.45,5911.0
4143755,19.55662003,2.45,5671.0
4478168,14.58649856,2.45,6063.0
3733628,13.89963233,2.46,4538.0
10990886,11.023474798,2.46,3744.0
2438264,4.973455252,2.46,5097.0
11823054,4.302139338,2.46,5041.0
9702072,4.182001885,2.46,5328.0
6587796,33.4203001,2.46,5731.0
10526549,9.27358173,2.47,4856.0
6276477,10.35533116,2.47,5501.0
6587280,5.715425977,2.47,5237.0
8226994,7.15681552,2.47,5029.0
3240158,7.42608123,2.47,6049.0
7831264,13.07141889,2.47,6122.0
9892816,15.17026921,2.47,6297.0
9904006,55.1866213,2.47,6178.0
7021681,27.52194772,2.47,3780.0
9837685,13.71218522,2.47,5550.0
9881077,24.4004378,2.47,4583.0
9020160,17.73842886,2.47,5105.0
5966154,151.8851881,2.47,6034.0
5094751,21.22261195,2.48,5945.0
2854914,25.93406406,2.48,5952.0
12266636,33.3856176,2.48,5833.0
7960980,9.98970266,2.48,5265.0
9451706,48.6303805,2.48,6075.0
10187017,16.145671932,2.48,4900.0
8463346,64.0019669,2.48,4652.0
11043167,44.9306706,2.49,6121.0
11656246,18.11473813,2.49,6109.0
8164257,49.5004725,2.49,4954.0
10010440,53.5991459,2.49,6319.0
12459913,12.91385906,2.49,6253.0
5202905,14.8444836,2.49,6642.0
9765975,18.45848388,2.5,5311.0
9662811,43.0343364,2.5,5550.0
9834040,6.77408984,2.5,6246.0
10965588,62.8917493,2.5,5052.0
8495415,11.08507658,2.5,5080.0
10723367,12.12580644,2.5,5500.0
9011825,37.3331165,2.5,5623.0
9451706,29.39337161,2.5,6075.0
8164257,16.85825609,2.51,4954.0
8292840,100.2830675,2.51,6214.0
8210018,132.9955503,2.51,4523.0
7534267,39.4420781,2.51,5430.0
11497977,4.79860021,2.51,5631.0
11391957,8.35389523,2.52,5592.0
6541920,46.6856205,2.52,5657.0
12020218,21.3588236,2.52,6170.0
10554999,6.400157105,2.52,5299.0
4770617,8.45805119,2.52,6172.0
10407482,6.30558387,2.52,4934.0
6880517,65.6491001,2.52,5436.0
7102316,142.545,2.52,5642.0
8689373,10.28194593,2.53,5196.0
9813499,5.03257009,2.53,5970.0
11153121,14.97031664,2.53,5726.0
4349452,6.238535444,2.53,6267.0
3354846,18.5525162,2.53,5569.0
11802615,28.86236571,2.53,5725.0
10717241,12.37646897,2.53,4200.0
11073351,2.820190603,2.53,5831.0
5084171,153.979362,2.53,5858.0
5094751,6.481633073,2.54,5945.0
5956342,17.02902786,2.54,5839.0
2165002,16.56806842,2.54,4987.0
9455556,6.62643441,2.54,5616.0
9455325,9.76785911,2.54,5371.0
7870032,16.87725775,2.54,5497.0
4254466,42.3006282,2.54,5852.0
4473226,14.83340944,2.54,5570.0
10489206,4.164384505,2.54,3808.0
11394027,14.38682567,2.54,5725.0
8625925,6.521209629,2.54,5822.0
8015907,2.752359689,2.54,5461.0
6062088,5.370639542,2.54,5821.0
9366617,26.5487294,2.54,5456.0
10601284,5.349553819,2.55,5185.0
4813563,36.5157639,2.55,4847.0
9225395,81.3153052,2.55,5325.0
3749978,28.5057217,2.55,5712.0
10587105,12.8344771,2.55,6078.0
5774349,15.65563866,2.55,5185.0
7445445,29.02235217,2.55,5788.0
10788461,2.5903958,2.55,5678.0
6948054,7.49018305,2.56,5103.0
5219234,16.73869035,2.56,5103.0
5301750,27.4345973,2.56,6036.0
3128552,8.67890312,2.56,5509.0
12154526,56.1886436,2.56,5700.0
6432345,234.635652,2.56,5422.0
5866724,5.859935955,2.56,6181.0
8022244,11.90352088,2.56,6063.0
7115785,16.08786246,2.56,5506.0
11086270,12.69104387,2.57,5869.0
9650808,21.96401646,2.57,5774.0
10586004,82.2001239,2.57,5758.0
9455677,124.827797,2.57,5349.0
3732035,138.944022,2.57,6014.0
12206313,184.262741,2.57,6115.0
9334289,12.41216347,2.58,5561.0
7549209,27.5071114,2.58,5783.0
11402995,10.06083238,2.58,5705.0
11499228,19.7919389,2.58,6285.0
8037145,12.75934489,2.58,4963.0
10653179,47.1607932,2.58,5936.0
11853878,7.68433346,2.58,4402.0
2581554,47.1484324,2.58,4975.0
12470844,8.47237911,2.59,5354.0
2721030,6.10027621,2.59,5957.0
10810838,56.35407916,2.59,4802.0
5770074,63.0380366,2.59,5798.0
8570333,84.5733346,2.59,5418.0
12314973,15.4130812,2.59,6206.0
6422155,2.940304817,2.59,5527.0
6850504,77.6114427,2.59,5465.0
8689031,21.80451611,2.6,5481.0
9271752,11.36113254,2.6,6244.0
11601584,51.8098276,2.6,5191.0
8041216,8.508333104,2.6,5767.0
10843590,46.9026431,2.6,5402.0
8890783,5.350156114,2.6,5592.0
2995392,30.4544418,2.6,6283.0
4157325,12.20951755,2.61,5670.0
5511081,44.4304059,2.61,5951.0
2442448,76.6139446,2.61,6173.0
9962455,23.1985852,2.61,5416.0
6678383,51.75530504,2.61,5979.0
6062088,3.162692075,2.61,5821.0
3348082,11.63486009,2.61,5570.0
6784235,3.167893418,2.62,5895.0
10538176,12.69905011,2.62,5291.0
6975129,19.74733983,2.62,6243.0
11709244,38.7149617,2.62,5445.0
4544907,46.8776724,2.62,5504.0
7207061,15.94248453,2.62,5376.0
8008067,15.77111067,2.62,5620.0
11100383,12.92489803,2.62,5103.0
11442793,91.9401253,2.62,5970.0
7978202,509.997402,2.62,5037.0
5735762,9.673958488,2.63,5192.0
11176127,77.4740991,2.63,4463.0
11401767,20.0545282,2.63,6056.0
5514383,6.88341278,2.63,6139.0
8008067,157.0659976,2.63,5620.0
9146018,21.22349325,2.63,5475.0
8395660,13.57078281,2.64,5854.0
5794379,36.06588163,2.64,4702.0
8247638,99.6415962,2.64,5527.0
10004738,92.8747294,2.64,5497.0
4545187,41.0081117,2.64,5303.0
5602588,11.01819178,2.64,6075.0
9757613,17.25121397,2.64,3879.0
7183745,28.4750006,2.64,4996.0
11187837,17.60461401,2.64,3744.0
7098355,29.00789166,2.64,5295.0
7445445,10.68758211,2.64,5788.0
9085563,54.6493679,2.64,5751.0
11176166,9.8788502,2.64,6477.0
10910878,6.252962249,2.65,5031.0
11923270,11.59822233,2.65,3688.0
6776401,26.85323647,2.65,5329.0
4545187,3.177414601,2.65,5303.0
9101496,67.844689,2.65,5878.0
12070811,12.3935651,2.66,5557.0
6422070,3.76181843,2.66,5653.0
7685981,4.40841331,2.66,6007.0
7265298,25.7626846,2.66,5739.0
6226290,14.08826442,2.66,5853.0
5562090,28.8431751,2.66,5151.0
12058931,9.82578495,2.66,6246.0
9965439,46.40626,2.66,6086.0
5436502,50.4467417,2.67,5739.0
6849310,9.76734503,2.67,5527.0
7303287,34.5439452,2.67,5933.0
10094670,22.06402,2.67,6232.0
3458028,1.442592305,2.67,7216.0
3219995,18.87058705,2.67,6103.0
5461440,40.606895,2.67,5538.0
8282846,133.303247,2.67,5064.0
8414716,5.392026903,2.68,5198.0
11014932,6.88595222,2.68,5616.0
5084942,3.105507835,2.68,4989.0
10538176,37.5142128,2.68,5291.0
8806123,36.8567758,2.68,5768.0
10189546,117.033521,2.68,5312.0
10227020,9.84824649,2.68,5814.0
5966154,25.6721559,2.68,6034.0
3937814,214.881456,2.68,5323.0
6849310,20.0504494,2.69,5527.0
8561231,28.6853212,2.69,5726.0
9532052,15.72585941,2.69,5332.0
5480640,26.6757818,2.69,5467.0
9020160,5.945043548,2.69,5105.0
9597345,124.5245224,2.69,5497.0
10788461,5.3235335,2.69,5678.0
9605514,40.715561,2.7,6297.0
2716853,18.82744023,2.7,5687.0
11769890,122.8799543,2.7,5413.0
6707833,15.28467725,2.7,5763.0
6422155,14.62709685,2.7,5527.0
10460984,28.9869016,2.7,5888.0
3541946,17.79001678,2.7,5569.0
3732821,13.73474071,2.71,5196.0
5299459,13.08424286,2.71,5511.0
4157325,6.31943553,2.71,5670.0
11126381,33.7888028,2.71,6202.0
5613330,23.44970494,2.71,6188.0
6347299,14.40090414,2.71,5815.0
8247638,16.51410989,2.72,5527.0
6604328,31.0033072,2.72,6090.0
9763348,15.77382794,2.72,6283.0
8099138,66.1843646,2.72,5640.0
8168187,18.3027235,2.72,5528.0
5871985,213.258526,2.72,4477.0
10933561,31.51779463,2.72,5611.0
6707835,22.24814617,2.72,5629.0
2854914,83.4463485,2.73,5952.0
3962243,14.12847677,2.73,5779.0
5526527,16.7364755,2.73,4334.0
10878263,7.170710381,2.73,5497.0
9406990,20.83426731,2.74,5537.0
9480189,2.382652873,2.74,5188.0
11254382,2.05388477,2.74,5632.0
7629518,15.59466045,2.74,5900.0
9527334,8.31377304,2.74,5900.0
6381846,4.16696628,2.74,5456.0
5351250,12.56096618,2.74,5559.0
4850961,24.4972683,2.74,6392.0
10854555,2.525591777,2.75,6031.0
5438099,44.8411168,2.75,4955.0
5438757,62.9224936,2.75,5534.0
6774880,34.3511339,2.75,6091.0
9549648,5.99185827,2.75,6157.0
8463346,16.79716262,2.75,4652.0
10982872,4.761705895,2.75,5794.0
6786037,21.05349939,2.75,5751.0
10984090,51.07926451,2.75,5833.0
10360722,163.692336,2.75,4999.0
5358241,9.75192101,2.76,5775.0
5383248,16.23847733,2.76,5683.0
9146018,9.9267215,2.76,5475.0
4270253,5.68798675,2.76,5576.0
6501635,23.67513153,2.76,5309.0
8022244,34.0350605,2.76,6063.0
9892816,26.2347447,2.76,6297.0
10872983,4.13443512,2.77,6046.0
3114167,6.770300385,2.77,5653.0
10330115,13.21409607,2.77,5333.0
9391506,15.74958583,2.77,6191.0
10682541,4.99677968,2.78,5339.0
8972058,8.99088621,2.78,5881.0
9992325,24.08632177,2.78,4973.0
11179076,48.4313003,2.78,4891.0
5966322,60.92818866,2.78,5638.0
11259686,34.4359387,2.78,5929.0
12404305,22.18332255,2.78,5565.0
6838050,6.51003001,2.78,5638.0
10358759,13.28689997,2.78,5730.0
9945370,37.9456138,2.79,5861.0
7219825,17.23232894,2.79,6086.0
8505920,198.680859,2.79,5330.0
7522911,20.4998763,2.8,6249.0
9892816,39.4576228,2.8,6297.0
4636578,26.1363443,2.8,6188.0
8367113,24.31574009,2.8,6242.0
9529744,17.9346606,2.8,6426.0
11122894,38.86848956,2.81,5618.0
5371776,3.295701024,2.81,4723.0
8009350,13.75207851,2.81,4802.0
7047922,19.76169247,2.81,6327.0
10253547,59.9809868,2.81,6103.0
11074541,29.88487723,2.81,4883.0
8780959,5.1117547,2.81,6432.0
11507101,38.3775486,2.82,5481.0
2302548,24.5709023,2.82,5095.0
4175630,28.227413,2.82,5858.0
10843590,18.87022157,2.82,5402.0
9958962,9.99760285,2.82,6004.0
9458613,13.17555999,2.82,5900.0
10797460,54.4183827,2.83,5455.0
7102227,36.7704935,2.83,5142.0
9757613,12.282998287,2.83,3879.0
8480285,29.66631669,2.83,5956.0
9597806,5.101375725,2.84,5869.0
11298298,5.248667607,2.84,5807.0
5865654,23.9553986,2.84,5011.0
11442793,59.7371443,2.84,5970.0
10460984,10.94577783,2.84,5888.0
9031209,47.0568476,2.84,5288.0
4472818,70.9672087,2.84,5818.0
10583066,6.02930329,2.85,4537.0
8490993,4.093578461,2.85,6077.0
4072526,33.1996355,2.85,5102.0
6616218,5.960400011,2.85,5418.0
9967771,9.91724268,2.85,5539.0
8686097,172.7046083,2.85,5851.0
10973664,5.40426917,2.85,6122.0
6266741,16.6658994,2.85,5674.0
8832512,9.97682072,2.85,5500.0
8222813,8.70420525,2.86,5074.0
11666881,4.919584997,2.86,6236.0
5301750,8.72585478,2.86,6036.0
5444548,13.24931848,2.86,5799.0
8395660,43.84439721,2.87,5854.0
11015108,39.30944096,2.87,5607.0
10454313,4.221626193,2.87,6123.0
8193178,10.64021008,2.87,6112.0
9450647,9.940666412,2.87,6215.0
10973814,20.34237838,2.88,5514.0
6541920,13.02493307,2.88,5657.0
11450414,12.7983174,2.88,5592.0
11069176,21.1285655,2.88,5817.0
7778767,13.0313583,2.88,5514.0
5688910,25.8730914,2.88,6036.0
11565924,13.32191461,2.88,6995.0
9941859,9.57665962,2.88,5386.0
4644604,14.48584765,2.88,5784.0
9351316,161.515617,2.88,4243.0
10875245,14.74914825,2.89,5847.0
9650808,125.602323,2.89,5774.0
5546761,17.6700291,2.89,5795.0
9654468,47.7052566,2.89,4551.0
9157634,2.104721971,2.89,5703.0
6422155,6.38899658,2.89,5527.0
5120087,17.97979816,2.89,6141.0
7131760,92.436978,2.89,5595.0
9280239,364.751562,2.89,4386.0
9512687,11.51517167,2.9,5177.0
5474613,20.4074846,2.9,5823.0
3559935,29.9111886,2.9,5275.0
4270253,11.6370303,2.9,5576.0
5113822,23.6421965,2.9,5750.0
11968463,56.4148314,2.9,6325.0
3541946,49.5674085,2.91,5569.0
7434875,20.47748843,2.92,5097.0
4077526,40.1015561,2.92,6100.0
12254792,40.4286676,2.92,5813.0
9729691,8.689301216,2.92,5211.0
5526717,52.069002,2.92,5565.0
6436029,59.4969009,2.92,4817.0
4035640,28.26727385,2.93,5132.0
9579641,5.412203927,2.94,5779.0
8826878,5.15448142,2.94,5431.0
4077526,15.573637,2.94,6100.0
9391208,16.56062577,2.94,5818.0
9735426,8.08801663,2.94,5269.0
11069176,15.3789014,2.94,5817.0
6941084,85.7357202,2.94,6096.0
4346178,16.1289679,2.94,5392.0
11968463,10.04378351,2.94,6325.0
4757437,13.19322809,2.94,5946.0
10353968,9.07098164,2.94,5672.0
7115785,41.74938613,2.94,5506.0
10662202,21.67699193,2.95,4954.0
8689373,18.11993039,2.95,5196.0
7008211,187.746606,2.95,5303.0
11560897,35.9682692,2.95,5883.0
10864531,83.4887405,2.95,5910.0
10513530,16.54967098,2.95,5372.0
5689351,87.0912594,2.95,5001.0
9530945,17.40665216,2.95,6086.0
7825899,6.308201629,2.96,5191.0
5880320,20.4972755,2.96,6021.0
6690082,4.807103254,2.96,5534.0
4644952,6.94135824,2.96,5527.0
10864531,34.0607677,2.96,5910.0
8344004,5.996533443,2.96,5622.0
6508221,88.2553729,2.96,5176.0
3645438,386.370512,2.96,5119.0
11015323,34.18884323,2.97,5515.0
11090765,21.21712312,2.97,6191.0
9963524,10.04157214,2.97,5244.0
7742408,33.4969115,2.97,4928.0
5880320,12.10968709,2.98,6021.0
8240904,6.61836309,2.98,5529.0
9636135,5.83376197,2.98,6213.0
3942670,33.4160553,2.98,6007.0
5088536,27.50871575,2.98,5903.0
10189546,42.949522,2.98,5312.0
8355239,20.13490007,2.98,4963.0
10358759,10.3392408,2.98,5730.0
10004519,9.80321143,2.99,6170.0
9941859,20.55280311,2.99,5386.0
12600735,21.30020491,2.99,6008.0
6850504,10.854095934,2.99,5465.0
7515212,31.80475991,2.99,5867.0
10329196,85.7567919,2.99,5037.0
11521793,16.00747237,2.99,5857.0
10586208,23.58444746,3.0,5655.0
11709244,4.544436472,3.0,5445.0
6381846,11.46347165,3.0,5456.0
5791986,15.22895514,3.0,5456.0
6428700,8.20396958,3.01,5015.0
6428700,14.49645186,3.01,5015.0
9823457,36.9250409,3.01,5926.0
8394721,81.0637895,3.01,6198.0
8822366,30.8639476,3.01,5977.0
5299459,10.41572666,3.01,5511.0
11075429,23.9210408,3.01,7121.0
3447722,35.6757453,3.02,6157.0
8612847,14.13175309,3.02,5616.0
8121310,22.20809549,3.02,6336.0
3234843,29.72722,3.02,5815.0
6948054,36.2761238,3.03,5103.0
6932987,19.25404023,3.04,5798.0
8950853,37.8145252,3.04,5988.0
9661979,69.8956789,3.04,5390.0
9782691,11.38840217,3.04,5876.0
9334289,18.74649011,3.05,5561.0
9775938,33.6528474,3.05,4954.0
7690844,22.0459163,3.05,5900.0
11074178,14.30517579,3.05,5741.0
6266741,7.930583519,3.05,5674.0
9597345,44.6996563,3.05,5497.0
11709124,62.3026877,3.05,5688.0
5436502,13.23352214,3.06,5739.0
11512246,10.74241765,3.06,5761.0
7939330,144.551628,3.06,5510.0
10709622,51.3283527,3.06,6119.0
8934103,175.13892,3.06,5497.0
6184894,7.20281185,3.06,5388.0
12404086,26.39432897,3.07,5129.0
7373451,21.02250608,3.07,5067.0
4180280,4.176254191,3.07,4957.0
10854768,10.1171684,3.07,6306.0
9101496,6.56226483,3.07,5878.0
5709725,86.4943704,3.07,5252.0
7764367,3.173914037,3.07,6432.0
10528068,158.6850022,3.08,5751.0
3656121,76.7324556,3.08,5951.0
6508221,18.20795835,3.08,5176.0
10272442,24.5434566,3.08,5955.0
11086270,31.71981013,3.09,5869.0
11337372,6.53194024,3.09,5301.0
9518318,6.51112385,3.09,6032.0
7810483,29.92208104,3.09,6127.0
10987985,16.01308419,3.1,5015.0
9823457,8.11528727,3.1,5926.0
7456001,40.0686713,3.1,6026.0
7212184,36.292017,3.1,5843.0
9963524,5.69059163,3.1,5244.0
6849310,4.311780262,3.11,5527.0
8107380,14.00640392,3.11,5788.0
10006581,40.1097817,3.11,5509.0
5088591,14.5324483,3.11,5345.0
7347246,86.1160885,3.11,6161.0
8802165,17.42115972,3.11,5679.0
3342970,2.711504086,3.12,6214.0
5358241,18.64932728,3.12,5775.0
9415172,9.94602357,3.12,5344.0
9836149,17.8159689,3.12,5964.0
11968463,15.1622287,3.12,6325.0
8349582,11.523067458,3.13,5644.0
8883593,5.743469797,3.13,5897.0
3939150,33.0063185,3.13,5968.0
10724369,55.6391882,3.13,5949.0
8866137,33.4178173,3.13,5136.0
8247638,30.1329298,3.14,5527.0
3939150,17.32419108,3.14,5968.0
9965957,5.75321539,3.14,5445.0
9364290,12.1628195,3.14,5587.0
8711794,8.981014925,3.14,5666.0
5938970,125.4132302,3.14,4641.0
5301750,12.88291395,3.15,6036.0
10271806,5.924993927,3.15,5016.0
7303253,23.58917143,3.16,4919.0
7512982,20.38174802,3.16,4883.0
10123064,4.243748097,3.16,5873.0
9479273,6.104849417,3.18,5085.0
11709244,12.76220558,3.18,5445.0
9520838,105.3035093,3.18,5534.0
5351250,30.8261043,3.18,5559.0
9589524,22.18431824,3.18,5157.0
12418724,20.55331441,3.19,6325.0
7102316,57.2488518,3.19,5642.0
7102316,37.0551726,3.19,5642.0
3120904,42.9136635,3.19,6049.0
7678434,10.37168928,3.2,5121.0
6541920,22.687155,3.2,5657.0
6677841,54.4205407,3.2,6781.0
9022166,26.8475962,3.2,5508.0
6103377,20.0708757,3.2,5902.0
10019643,21.34736612,3.2,5395.0
4656049,40.6992062,3.2,6419.0
9715631,425.483539,3.2,5977.0
5219234,8.29084167,3.21,5103.0
9044228,0.934885365,3.21,4777.0
9517393,56.7769831,3.21,6063.0
10289119,16.10474503,3.21,5822.0
5480640,58.0337426,3.21,5467.0
8822216,6.996926239,3.21,5713.0
3348082,33.1981761,3.21,5570.0
10004738,56.4758069,3.22,5497.0
7447200,7.972510087,3.22,3912.0
5213404,20.7057153,3.22,5668.0
4142847,210.631486,3.23,4895.0
9766437,12.53248222,3.24,5997.0
8174625,17.44486016,3.24,5568.0
8030148,5.660669429,3.24,5746.0
5219234,5.48711441,3.24,5103.0
6124512,8.38395796,3.24,5405.0
7977197,19.44639139,3.24,5815.0
6349881,198.088873,3.24,5275.0
9141355,469.61309,3.24,5474.0
12366084,4.431238488,3.25,5714.0
5631630,25.96190067,3.25,6369.0
11521793,27.08239734,3.25,5857.0
4841374,161.4746786,3.25,5761.0
10318874,2.508057497,3.25,4780.0
7831264,5.968724048,3.26,6122.0
3657758,3.609313059,3.26,5668.0
10663396,23.8990075,3.26,5511.0
8160953,116.3311739,3.26,5354.0
6422155,35.1184432,3.26,5527.0
7503885,91.078624,3.26,5915.0
8491277,9.61375316,3.27,5997.0
11194032,28.51117639,3.27,4687.0
9072190,49.1011093,3.28,5393.0
5857540,13.62801048,3.28,5052.0
11669239,41.8854433,3.28,5735.0
12058931,20.68420772,3.28,6246.0
8636434,308.544422,3.28,6325.0
10214162,17.42393582,3.29,6018.0
4636578,17.84850835,3.29,6188.0
9941859,96.6781852,3.29,5386.0
9884104,4.585466941,3.29,5788.0
8082001,6.33855946,3.31,6108.0
3342970,7.21203748,3.32,6214.0
9264949,11.41911886,3.32,6311.0
11253827,42.9923284,3.32,5593.0
7430034,49.6220669,3.33,5938.0
3239671,147.97391,3.33,5578.0
10600261,52.8148051,3.33,5565.0
4914423,15.96532718,3.33,5880.0
8367644,22.08551599,3.34,3828.0
11074835,6.03355539,3.34,4924.0
5812960,18.49234792,3.34,5289.0
10973814,44.8520997,3.35,5514.0
5768816,47.9869119,3.35,5641.0
11018648,32.62876672,3.36,5586.0
5202905,22.8245144,3.36,6642.0
4370527,61.6174528,3.36,5480.0
12306058,7.41683033,3.36,4938.0
10002866,3.936993144,3.36,5431.0
9518318,23.85163321,3.37,6032.0
3120355,78.0998908,3.37,5779.0
8056665,84.6877524,3.37,6688.0
11442793,124.922516,3.37,5970.0
5021899,21.81295996,3.38,5601.0
5183357,61.0373591,3.38,6309.0
8394721,13.48457668,3.39,6198.0
9896558,67.6690554,3.39,6127.0
5128673,87.9724227,3.39,5837.0
6541920,118.3786735,3.4,5657.0
9656252,16.92342126,3.4,5786.0
4049131,20.50588921,3.41,4905.0
6343170,9.95667035,3.41,6165.0
9009953,234.240739,3.41,5814.0
3447722,16.08832318,3.42,6157.0
1871056,140.10765,3.42,6207.0
5351250,7.381980206,3.42,5559.0
8490993,105.145959,3.43,6077.0
3231341,8.14515981,3.43,5896.0
8806072,40.05881661,3.43,5668.0
6468138,134.2520474,3.43,5818.0
3118797,66.4159789,3.44,5383.0
9946525,4.180048081,3.44,5227.0
3962357,14.55387488,3.45,6143.0
10873260,5.852968845,3.46,6050.0
10227020,14.78767172,3.46,5814.0
11551692,58.0198583,3.46,4920.0
11551692,7.834433676,3.47,4920.0
9909735,11.8150174,3.48,5729.0
6442377,30.22910274,3.49,6325.0
3114811,11.08956602,3.51,6353.0
5113822,67.0930642,3.51,5750.0
7663691,10.00653012,3.52,6063.0
8429314,115.6863392,3.52,5800.0
6587105,33.878639,3.52,5533.0
11250587,7.256962446,3.53,5858.0
9030537,62.5613879,3.54,5662.0
11401755,16.23191704,3.54,5919.0
8161561,3.275821982,3.54,6185.0
7132798,2.422084188,3.55,5598.0
9458613,31.7848157,3.55,5900.0
9884104,47.903427,3.55,5788.0
3656121,31.1588249,3.56,5951.0
10600261,17.30795548,3.56,5565.0
3326377,198.7106251,3.56,5180.0
10227020,19.7243672,3.57,5814.0
10265898,1.260258822,3.57,5550.0
9782691,50.6985408,3.58,5876.0
9963524,18.36974658,3.58,5244.0
6685609,5.868066282,3.6,5918.0
12306058,20.4853893,3.6,4938.0
8257205,148.4601819,3.61,5159.0
8494142,42.88247951,3.61,6143.0
11450414,27.3214242,3.61,5592.0
8878187,3.032147946,3.62,5827.0
8394721,27.40229859,3.63,6198.0
10213902,59.6222627,3.63,6108.0
6196457,13.74883059,3.63,5862.0
10002866,28.08185982,3.63,5431.0
10203349,17.14648756,3.64,5559.0
10285631,18.68405716,3.64,5548.0
7898352,30.1837021,3.65,5733.0
5780930,16.7525077,3.65,4807.0
3640905,51.0771048,3.66,5010.0
9875711,8.360870704,3.67,4743.0
6863998,16.08518937,3.68,5239.0
4455231,56.637918,3.68,5661.0
10019065,52.6298542,3.68,5339.0
3962243,31.8841473,3.7,5779.0
11360571,77.2550726,3.7,6564.0
1871056,40.8065333,3.71,6207.0
7755636,16.00496657,3.71,6384.0
3103227,225.585245,3.71,5929.0
6761777,47.3128645,3.71,5749.0
6462863,10.423677439,3.72,6181.0
6041734,76.5369531,3.73,5596.0
6221385,32.657035,3.73,6486.0
6032497,16.3297527,3.75,5878.0
5007345,7.01074295,3.76,5814.0
10858832,5.263415218,3.77,6099.0
6226908,19.597317,3.78,5569.0
9886255,105.9566815,3.79,5327.0
8352537,6.010383339,3.8,4882.0
9077124,3.166353562,3.82,6007.0
6677841,12.30971679,3.82,6366.0
7269974,13.69942266,3.85,5541.0
3629330,85.272459,3.85,5922.0
10910878,41.19725502,3.86,5031.0
9909735,4.66271902,3.86,5729.0
6932987,54.1558384,3.88,5798.0
8583696,50.28635977,3.88,5900.0
8565266,6.412512953,3.89,6026.0
10872983,11.09432054,3.9,6046.0
7366258,26.44439337,3.91,5427.0
9458613,41.0283424,3.92,5900.0
5446285,10.916108342,3.93,5575.0
5856571,9.59068586,3.93,5476.0
10600955,65.6480892,3.93,5565.0
8628973,3.314947362,3.94,5609.0
11875734,99.7468804,3.94,5620.0
11455428,22.1270885,3.94,5312.0
12366084,11.37936986,3.95,5714.0
3353050,5.0800579,3.95,6049.0
12116489,25.30291816,3.95,5121.0
7124613,4.41746257,3.95,6570.0
9958962,90.4117992,3.96,6004.0
3338885,1.970340203,3.97,4883.0
9347899,87.6476068,4.0,6035.0
4455231,19.30581662,4.0,5661.0
6696580,25.5638626,4.0,6228.0
7703955,96.109323,4.01,5792.0
9884104,22.71443351,4.01,5788.0
12156174,56.6746666,4.01,5541.0
5358241,38.5576546,4.02,5775.0
10337258,13.28536452,4.03,6534.0
8043638,17.58751692,4.03,5433.0
9837661,11.12827427,4.04,3640.0
11709124,20.5498184,4.04,5688.0
6221385,19.672324,4.07,6486.0
9334289,5.826657508,4.09,5561.0
3231341,12.33343853,4.12,5896.0
6541920,31.99552485,4.12,5657.0
11853905,3.213668926,4.13,5795.0
7825899,16.23947096,4.14,5191.0
3962243,48.6478543,4.14,5779.0
8026752,4.286866229,4.14,6228.0
3217264,29.19899219,4.15,5376.0
7434875,9.439459486,4.16,5097.0
10616679,8.600099313,4.17,5246.0
6937692,35.18105723,4.17,6520.0
10881457,84.704139,4.17,6085.0
9775938,13.19720694,4.18,4954.0
7703955,265.47847,4.2,5792.0
9022166,72.3826983,4.21,5508.0
10723367,19.9865916,4.22,5500.0
9411166,105.6552651,4.22,5741.0
10964440,19.12947603,4.23,5372.0
9663113,20.74028645,4.24,6226.0
10585852,8.57504983,4.26,4986.0
8891684,374.878133,4.27,5636.0
3217264,160.0191598,4.28,5376.0
9480310,15.43400996,4.3,5900.0
3835670,14.55730897,4.32,5774.0
6022556,3.709870784,4.35,5727.0
11337372,100.8276725,4.35,5301.0
5124667,150.8783198,4.37,5504.0
8158127,9.42889884,4.39,5897.0
8426567,18.93055119,4.41,5015.0
4282872,10.035381809,4.42,5813.0
11403044,4.125543472,4.43,6174.0
5796675,16.080657264,4.43,5303.0
12470954,1.902208647,4.45,5400.0
4454752,1.616883373,4.47,4868.0
11860395,82.303914,4.47,5602.0
10937029,4.030466786,4.48,5234.0
4815520,31.578651216,4.52,5733.0
8056665,207.5829306,4.52,6688.0
7373451,226.8904775,4.53,5067.0
8800954,704.962626,4.53,5305.0
2439243,26.0203329,4.53,5624.0
3640905,30.1599411,4.54,5010.0
10063802,120.0183551,4.54,6469.0
8552719,88.40678718,4.55,5611.0
9480189,6.581477136,4.56,5188.0
6383785,5.640676975,4.59,5794.0
12400538,150.2412582,4.6,5604.0
9844088,3.750832927,4.61,5776.0
11189311,81.4160138,4.63,6352.0
7869917,7.71467686,4.65,6900.0
9820483,3.584101048,4.66,5739.0
7765528,7.03932913,4.67,5846.0
11253827,88.5122014,4.7,5593.0
10965008,81.1701587,4.71,5460.0
10002866,10.08881066,4.71,5431.0
8240904,107.7214092,4.75,5529.0
4349452,12.720370263,4.75,6267.0
9458613,21.77568158,4.76,5900.0
12403119,76.13622222,4.78,5591.0
7908367,6.6513189,4.81,5254.0
10748390,4.887803076,4.82,4778.0
5881813,109.6469948,4.85,5332.0
12020329,7.275040844,4.86,5485.0
8644288,7.641567589,4.91,5356.0
1873513,3.290304098,4.91,3386.0
4939346,71.3116598,4.94,6194.0
9026749,66.5576728,4.96,5734.0
9583881,18.00932214,4.96,5815.0
12735830,31.827649,4.98,4774.0
5792202,15.33528675,5.0,5251.0
3561464,7.31945294,5.05,5745.0
6041734,24.3398202,5.09,5596.0
11187436,5.90741476,5.1,4963.0
6185331,49.7700907,5.12,5774.0
9872283,3.126861192,5.12,4854.0
11656918,62.1385979,5.14,5123.0
6696580,57.6896212,5.14,6228.0
8892303,5.424749327,5.15,4137.0
5786676,11.95474513,5.15,5059.0
5780460,35.61760233,5.17,5123.0
9347899,42.63427848,5.22,6035.0
8630788,36.33750453,5.3,5717.0
11960862,6.575315881,5.31,5992.0
9480189,24.66461416,5.34,5188.0
4262581,37.6468519,5.37,5443.0
9897364,64.2729088,5.38,6341.0
6392727,4.583520948,5.39,5815.0
7908367,12.2064304,5.41,5254.0
6677841,35.7353616,5.47,6366.0
4914423,179.609803,5.47,5880.0
11304958,41.43958662,5.5,5468.0
9347899,20.86021229,5.5,6035.0
7366258,51.53997972,5.51,5427.0
4664847,7.748094239,5.52,5973.0
10905239,3.487688776,5.64,5576.0
4833421,12.466004437,5.65,6038.0
6448890,10.5007712,5.68,4838.0
11554435,9.43414171,5.73,5578.0
6543893,10.29674097,5.75,6068.0
10910878,16.06864674,5.76,5031.0
2975770,71.52543938,5.76,4855.0
9663113,572.376632,5.8,6226.0
3847907,3.573202801,5.81,5646.0
5184584,53.44944498,5.82,5919.0
5629353,7.5844241,5.83,6264.0
6125481,23.20579353,5.86,5460.0
3218908,1.475323222,5.88,4941.0
9244508,40.5289885,5.92,6443.0
8644288,14.85890852,5.94,5356.0
5437945,220.142913,5.94,6340.0
11624249,1.82708193,5.95,5311.0
3869014,8.63847391,5.99,5684.0
6878240,135.4978256,6.01,5307.0
11812062,3.728732147,6.02,5497.0
11037818,259.34304,6.04,5490.0
6462863,54.31996151,6.07,6181.0
12314973,28.45489091,6.08,6206.0
9517393,219.3215562,6.11,6063.0
10089911,6.96704926,6.14,6303.0
5881688,4.190425659,6.21,6073.0
6152974,20.172024672,6.24,5064.0
7731281,76.377855,6.28,3869.0
4178606,42.3520039,6.3,6864.0
7761545,85.3514875,6.31,5584.0
11773022,85.3162004,6.34,6046.0
10005758,284.063137,6.36,5791.0
11122894,74.92768653,6.39,5618.0
10028792,191.239133,6.47,5597.0
5792202,31.33046135,6.5,5251.0
3937519,3.413036353,6.62,5392.0
10713616,83.5781976,6.63,6056.0
9480535,160.130899,6.67,6092.0
8745553,62.134919,6.71,5889.0
8806123,49.41121127,6.77,5768.0
8039892,5.007316661,6.96,5865.0
5864975,98.7179332,6.99,5808.0
8890783,58.36205791,7.02,5592.0
11673802,5.28790754,7.1,4994.0
8394721,52.09081627,7.14,6198.0
5437945,440.7843755,7.23,6340.0
2987027,17.276296682,7.31,4941.0
5683743,4.147021189,7.31,5818.0
4275191,3.895936525,7.34,5557.0
10723750,18.79591276,7.39,6163.0
12644822,12.611904345,7.4,5795.0
4076098,3.990105908,7.45,5926.0
10386922,296.6375817,7.56,5866.0
6191521,80.8723469,7.59,5510.0
3662838,24.85466504,7.61,6967.0
3218908,4.15246118,7.62,4941.0
11773022,45.15535633,7.65,6046.0
8559644,224.7789355,7.67,5873.0
6504954,130.3543929,7.7,5970.0
11442793,210.6013843,7.7,5970.0
3323887,19.270825843,7.74,5779.0
9471974,190.3200468,7.78,5626.0
11027624,394.6249514,7.79,5910.0
6305192,8.025118521,7.79,6002.0
5436502,23.65369415,7.89,5739.0
7046804,11.720123999,7.94,5215.0
3323887,38.90787517,7.98,5779.0
6786037,127.905412,8.03,5751.0
2853093,161.5278347,8.19,5778.0
9471974,49.18394185,8.2,5626.0
6291653,10.526294577,8.24,5386.0
9643874,8.027681123,8.43,5569.0
7109675,33.60123371,8.46,5149.0
7211141,51.92920654,8.49,5671.0
8156120,38.5833679,8.56,6273.0
9946525,51.84688984,8.73,5227.0
7951018,52.75878505,8.76,6228.0
3749365,1.97376085,8.78,3807.0
3832474,143.2063047,8.9,5485.0
7585481,8.09888906,8.95,6214.0
12735740,282.5253558,8.98,5725.0
5651104,3.04033046,8.99,5035.0
7832356,7.886632468,8.99,5847.0
6849046,4.225384543,9.0,5574.0
4164994,10.50682978,9.01,5127.0
11046458,3.311864148,9.06,5461.0
4150804,160.88451966,9.09,5650.0
4742414,15.458056682,9.11,5868.0
10795103,214.3120439,9.17,6471.0
3239945,1071.232624,9.27,4799.0
8751933,86.64764448,9.4,5522.0
4155328,127.8334997,9.46,6505.0
9141746,6.491682808,9.66,6123.0
3351888,1.625522174,9.73,5539.0
3247268,86.67856052,9.83,5822.0
10264660,6.790120801,9.86,6372.0
6462863,22.342964828,9.99,6181.0
6471021,125.6291479,10.02,5819.0
9410930,1.855557556,10.05,5657.0
5357901,3.797018259,10.07,5167.0
11177707,124.4197175,10.3,5066.0
11518142,240.7990472,10.31,5758.0
10790387,117.93110803,10.36,6392.0
8359498,3.578780566,10.43,5524.0
11773022,130.17802962,10.44,6046.0
7277317,16.33888067,10.47,4877.0
757450,8.884922995,10.51,5332.0
10005758,134.4785189,10.52,5791.0
8544996,4.082274889,10.55,5655.0
8255887,4.708326451,10.6,5560.0
10723750,50.79034648,10.6,6163.0
5794240,2.455240626,10.6,3793.0
11359879,4.942783419,10.62,5514.0
7778437,5.014234733,10.63,6490.0
5972334,15.358767771,10.89,5422.0
11442793,331.5972732,10.89,5970.0
3762468,3.003879547,10.96,6311.0
8672910,39.6431552,10.98,5231.0
11391018,30.360445359,10.99,4939.0
10937029,328.240201,10.99,5234.0
5164255,15.37562369,11.01,4986.0
2581316,217.83184293,11.17,6259.0
8678594,133.460999,11.21,5588.0
7368664,12.874712426,11.26,5963.0
3935914,1.594745374,11.3,5934.0
6522242,41.408316686,11.38,5522.0
11502867,3.217518511,11.38,5720.0
9025971,141.2415405,11.49,5705.0
5358624,3.525632539,11.58,5150.0
6448890,21.4054422,11.64,4838.0
12365184,69.72646639,11.65,6430.0
4760478,287.377314,11.67,5548.0
9115800,4.454194254,11.76,5359.0
7898352,127.2824442,12.04,5733.0
10272640,3.770551475,12.05,6322.0
9818381,3.024092505,12.14,6063.0
3832474,60.32494216,12.19,5485.0
11414511,2.816504904,12.21,5532.0
10028792,114.73658,12.28,5597.0
7303287,125.86540191,12.37,5933.0
9305831,3.246732048,12.4,5763.0
10864656,52.5008645,12.41,4976.0
9631995,7.891448838,12.63,5972.0
9651668,2.684328541,12.73,5561.0
9595827,3.905081685,12.78,5543.0
12019440,3.24325988,12.91,5823.0
3861595,3.849371737,12.94,6244.0
11446443,2.470613377,13.04,5820.0
10874614,3.234699282,13.06,5640.0
5728139,5.334082429,13.08,6332.0
7849854,2.052349884,13.12,5855.0
5812701,17.855221681,13.16,6823.0
7877496,1.72086129,13.25,5742.0
11449844,38.47876629,13.26,5510.0
7950644,10.290994129,13.43,5803.0
4570949,1.544928892,13.43,6309.0
10418224,6.8731664,13.44,6490.0
9166862,3.855603916,13.61,6033.0
6061119,27.807566216,13.84,5862.0
3218908,18.92537246,13.92,4941.0
10904857,3.120828136,14.16,6122.0
6046540,7.340714946,14.31,6056.0
9478990,21.0871953,14.43,6266.0
10619192,1.485710994,14.48,5624.0
6922244,3.522498429,14.59,6225.0
8191672,3.548465446,14.92,6290.0
8219268,6.24667547,14.93,4604.0
11517719,2.495780169,15.75,6039.0
10666592,2.204735417,16.1,6440.0
11017901,7.794302043,16.51,5494.0
5780885,4.885488596,16.66,6036.0
10019708,3.268695042,16.91,5927.0
5621125,14.80075082,17.38,6327.0
11804465,4.437962934,18.05,5953.0
9941662,1.763587535,21.42,9107.0
7515679,5.546083089,22.27,7358.0
5474613,13.6164547,22.29,5823.0
12557548,0.65355361,22.95,4550.0
7529266,8.600153929,26.52,6093.0
6696580,77.086191,29.77,6228.0
8081187,37.3228722,35.34,4907.0
3231341,18.9985279,43.17,5896.0
7532973,2.144632238,59.19,6296.0
11974540,24.669192732,77.76,5313.0
