tphys,kstar_1,mass_1,lum_1,deltam_1,RRLO_1,kstar_2,mass_2,lum_2,deltam_2,RRLO_2,porb,sep,bin_state,merger_type,bin_num
0.0,1.0,45.19888521349102,277479.70031591854,0.0,0.2088538383395929,1.0,20.856807671999558,46087.65290290444,0.0,0.18980586612498138,46.85206898337934,221.00791472081218,0,-001,1003010
5.311929268635886,14.0,17.220477018383708,1e-10,-5.453345039183678e-07,3.3205605659704694e-06,1.0,47.97263305113655,383610.0613712175,-5.7880516433547414e-08,0.21290689741258434,9.361026065808002,75.20293024577259,0,-001,1003010
5.321929268635886,14.0,17.22047703117202,1e-10,1.2832868630978136e-12,3.3204612754243796e-06,1.0,47.97204788652376,384207.4373099672,-5.862851062608418e-08,0.21316022165494788,9.361448492573322,75.20496763328843,0,-001,1003010
5.331929268635886,14.0,17.220477044028243,1e-10,1.290113882325206e-12,3.3203614003697605e-06,1.0,47.97146101535768,384806.44885505753,-5.879972008685025e-08,0.21341475486774583,9.361873456864087,75.20701790553007,0,-001,1003010
5.3419292686358855,14.0,17.220477056952923,1e-10,1.29699585467951e-12,3.32026093489735e-06,1.0,47.970872429218716,385407.1005988363,-5.897177543875692e-08,0.2136705071021091,9.362300984681204,75.2090811976982,0,-001,1003010
5.351929268635885,14.0,17.220477069946615,1e-10,1.3039333819598959e-12,3.3201598730143958e-06,1.0,47.97028211962766,386009.39714807516,-5.91446826742681e-08,0.21392748845823162,9.362731102396749,75.21115764694338,0,-001,1003010
5.361929268635885,14.0,17.220477083009868,1e-10,1.3109270733437888e-12,3.3200582086433154e-06,1.0,47.96969007804522,386613.34312400536,-5.931844783222034e-08,0.21418570908591011,9.36316383676003,75.21324739239786,0,-001,1003010
5.371929268635885,14.0,17.220477096143252,1e-10,1.317977545491972e-12,3.319955935620321e-06,1.0,47.969096295871566,387218.9431623571,-5.9493076998279276e-08,0.21444517918509348,9.363599214903763,75.2153505752082,0,-001,1003010
5.381929268635885,14.0,17.22047710934734,1e-10,1.3250854226554322e-12,3.319853047694021e-06,1.0,47.96850076444586,387826.20191339665,-5.96685763054023e-08,0.2147059090064391,9.364037264350413,75.2174673385687,0,-001,1003010
5.391929268635884,14.0,17.2204771226227,1e-10,1.3322513367840623e-12,3.319749538523983e-06,1.0,47.96790347504575,388435.12404196506,-5.984495193430836e-08,0.21496790885188416,9.364478013018626,75.21959782775528,0,-001,1003010
5.401929268635884,14.0,17.220477135969922,1e-10,1.3394759276371826e-12,3.31964540167929e-06,1.0,47.96730441888694,389045.71422751487,-6.002221011395423e-08,0.21523118907522576,9.364921489229786,75.22174219016009,0,-001,1003010
5.411929268635884,14.0,17.22047714938959,1e-10,1.3467598428959273e-12,3.3195406306370513e-06,1.0,47.96670358712265,389657.977164149,-6.020035712201727e-08,0.21549576008271115,9.365367721714714,75.22390057532674,0,-001,1003010
5.421929268635884,14.0,17.220477162882304,1e-10,1.3541037382775728e-12,3.3194352187808953e-06,1.0,47.966100970843186,390271.91756065807,-6.037939928538599e-08,0.21576163233364207,9.365816739620449,75.22607313498617,0,-001,1003010
5.4319292686358835,14.0,17.22047717644866,1e-10,1.3615082776518501e-12,3.3193291593994367e-06,1.0,47.96549656107541,390887.54014055856,-6.05593429806573e-08,0.21602881634098905,9.366268572517209,75.22826002309321,0,-001,1003010
5.441929268635883,14.0,17.220477190089273,1e-10,1.368974133159173e-12,3.319222445684706e-06,1.0,47.96489034878225,391504.84964213,-6.074019463464068e-08,0.21629732267201743,9.366723250405471,75.23046139586401,0,-001,1003010
5.451929268635883,14.0,17.220477203804755,1e-10,1.3765019853310007e-12,3.3191150707305663e-06,1.0,47.96428232486219,392123.8508184536,-6.092196072487062e-08,0.21656716194892764,9.367180803723112,75.2326774118136,0,-001,1003010
5.461929268635883,14.0,17.22047721759573,1e-10,1.384092523212236e-12,3.319007027531066e-06,1.0,47.963672480148766,392744.5484374492,-6.110464778012631e-08,0.21683834484950507,9.367641263352857,75.23490823179517,0,-001,1003010
5.471929268635883,14.0,17.220477231462823,1e-10,1.3917464444857143e-12,3.31889830897881e-06,1.0,47.963060805410066,393366.9472819134,-6.128826238095864e-08,0.21711088210778648,9.368104660629653,75.23715401903901,0,-001,1003010
5.4819292686358825,14.0,17.220477245406677,1e-10,1.399464455598973e-12,3.318788907863252e-06,1.0,47.96244729134818,393991.05214955687,-6.147281116022621e-08,0.21738478451473586,9.368571027348386,75.23941493919304,0,-001,1003010
5.491929268635882,14.0,17.22047725942793,1e-10,1.4072472718930766e-12,3.3186788168689833e-06,1.0,47.96183192859869,394616.86785304267,-6.165830080363816e-08,0.2176600629189366,9.369040395771604,75.24169116036366,0,-001,1003010
5.501929268635882,14.0,17.22047727352724,1e-10,1.4150956177338611e-12,3.318568028573991e-06,1.0,47.961214707730164,395244.3992200228,-6.184473805030662e-08,0.2179367282272972,9.369512798637437,75.24398285315738,0,-001,1003010
5.511929268635882,14.0,17.220477287705258,1e-10,1.4230102266453775e-12,3.3184565354478514e-06,1.0,47.96059561924357,395873.65109317616,-6.203212969330643e-08,0.21821479140576833,9.369988269167727,75.24629019072377,0,-001,1003010
5.521929268635882,14.0,17.220477301962646,1e-10,1.4309918414457357e-12,3.3183443298499356e-06,1.0,47.959974653571784,396504.62833024707,-6.222048258024433e-08,0.21849426348007944,9.370466841076206,75.24861334879844,0,-001,1003010
5.531929268635881,14.0,17.22047731630008,1e-10,1.4390412143853633e-12,3.3182314040275445e-06,1.0,47.95935180107901,397137.33580408077,-6.240980361383682e-08,0.21877515553648588,9.37094854857689,75.2509525057474,0,-001,1003010
5.541929268635881,14.0,17.220477330718243,1e-10,1.4471591072876887e-12,3.3181177501140223e-06,1.0,47.95872705206024,397771.77840266237,-6.260009975249656e-08,0.21905747872253253,9.37143342639267,75.25330784261224,0,-001,1003010
5.551929268635881,14.0,17.22047734521782,1e-10,1.4553462916923732e-12,3.318003360126827e-06,1.0,47.95810039674069,398407.96102915367,-6.27913780109288e-08,0.2193412442478344,9.37192150976403,75.25567954315615,0,-001,1003010
5.561929268635881,14.0,17.22047735979951,1e-10,1.4636035490010766e-12,3.3178882259655845e-06,1.0,47.95747182527524,399045.88860193,-6.298364546073657e-08,0.21962646338487202,9.372412834457894,75.25806779391044,0,-001,1003010
5.571929268635881,14.0,17.22047737446401,1e-10,1.4719316706258646e-12,3.317772339410061e-06,1.0,47.95684132774786,399685.5660546177,-6.317690923103595e-08,0.2199131474698024,9.372907436776776,75.26047278422287,0,-001,1003010
5.58192926863588,14.0,17.220477389212036,1e-10,1.4803314581402764e-12,3.3176556921181584e-06,1.0,47.956208894171034,400326.9983361317,-6.337117650908088e-08,0.22020130790328998,9.373405353567945,75.26289470630586,0,-001,1003010
5.59192926863588,14.0,17.22047740404431,1e-10,1.4888037234331525e-12,3.317538275623823e-06,1.0,47.95557451448518,400970.1904107122,-6.356645454089839e-08,0.220490956151351,9.373906622232868,75.26533375528625,0,-001,1003010
5.60192926863588,14.0,17.220477418961554,1e-10,1.497349288865215e-12,3.3174200813349135e-06,1.0,47.95493817855806,401615.14725796145,-6.376275063193369e-08,0.22078210374621576,9.374411280736897,75.26779012925644,0,-001,1003010
5.61192926863588,14.0,17.220477433964508,1e-10,1.5059689874285328e-12,3.3173011005310598e-06,1.0,47.95429987618416,402261.8738728809,-6.396007214770625e-08,0.22107476228721373,9.374919367619004,75.27026402932549,0,-001,1003010
5.6219292686358795,14.0,17.220477449053913,1e-10,1.5146636629089084e-12,3.3171813243614635e-06,1.0,47.953659597084126,402910.3752659078,-6.415842651447621e-08,0.2213689434416705,9.37543092200176,75.27275565967193,0,-001,1003010
5.631929268635879,14.0,17.220477464230523,1e-10,1.5234341700512152e-12,3.317060743842651e-06,1.0,47.953017330904125,403560.65646295244,-6.435782121992206e-08,0.22166465894582907,9.375945983601587,75.27526522759756,0,-001,1003010
5.641929268635879,14.0,17.2204774794951,1e-10,1.5322813747278303e-12,3.316939349856174e-06,1.0,47.95237306721524,404212.722505434,-6.455826381382981e-08,0.22196192060578604,9.376464592739152,75.27779294358233,0,-001,1003010
5.651929268635879,14.0,17.22047749484841,1e-10,1.5412061541101329e-12,3.3168171331462974e-06,1.0,47.951726795512855,404866.5784503181,-6.475976190879291e-08,0.22226074029845114,9.376986790349948,75.28033902134005,0,-001,1003010
5.661929268635879,14.0,17.220477510291236,1e-10,1.5502093968432083e-12,3.3166940843176137e-06,1.0,47.951078505216,405522.22937015205,-6.496232318092468e-08,0.22256112997252636,9.3775126179951,75.28290367787532,0,-001,1003010
5.671929268635878,14.0,17.220477525824364,1e-10,1.559292003223833e-12,3.3165701938326164e-06,1.0,47.95042818566675,406179.6803531025,-6.516595537058233e-08,0.22286310164950396,9.378042117872452,75.28548713354189,0,-001,1003010
5.681929268635878,14.0,17.220477541448595,1e-10,1.5684548853817268e-12,3.3164454520092287e-06,1.0,47.94977582612953,406838.9365029906,-6.537066628310357e-08,0.22316666742468683,9.378575332827785,75.28808961210181,0,-001,1003010
5.691929268635878,14.0,17.220477557164728,1e-10,1.577698967464272e-12,3.3163198490182767e-06,1.0,47.94912141579051,407500.00293932855,-6.557646378955558e-08,0.22347183946823224,9.379112306366348,75.29071134078613,0,-001,1003010
5.701929268635878,14.0,17.220477572973582,1e-10,1.5870251858246771e-12,3.316193374880939e-06,1.0,47.94846494375692,408162.8847973559,-6.578335582749693e-08,0.22377863002621587,9.379653082664499,75.29335255035616,0,-001,1003010
5.711929268635878,14.0,17.22047758887598,1e-10,1.5964344892137176e-12,3.316066019466091e-06,1.0,47.94780639905638,408827.58722807467,-6.599135040175282e-08,0.22408705142171922,9.380197706581747,75.29601347516704,0,-001,1003010
5.721929268635877,14.0,17.220477604872755,1e-10,1.6059278389750831e-12,3.3159377724876755e-06,1.0,47.94714577063627,409494.1153982864,-6.620045558520326e-08,0.22439711605594115,9.38074622367285,75.29869435323127,0,-001,1003010
5.731929268635877,14.0,17.220477620964754,1e-10,1.615506209244501e-12,3.315808623501931e-06,1.0,47.94648304736295,410162.47449062584,-6.641067951958588e-08,0.22470883640933226,9.38129868020037,75.30139542628494,0,-001,1003010
5.741929268635877,14.0,17.22047763715283,1e-10,1.625170587152624e-12,3.315678561904637e-06,1.0,47.94581821802118,410832.66970359837,-6.662203041631187e-08,0.22502222504275465,9.381855123147284,75.30411693985414,0,-001,1003010
5.751929268635877,14.0,17.220477653437843,1e-10,1.6349219730318388e-12,3.3155475769282686e-06,1.0,47.94515127131334,411504.70625161467,-6.683451655729712e-08,0.22533729459866672,9.382415600229981,75.30685914332332,0,-001,1003010
5.7619292686358765,14.0,17.22047766982067,1e-10,1.6447613806270453e-12,3.3154156576391046e-06,1.0,47.94448219585879,412178.5893650255,-6.704814629580779e-08,0.22565405780233308,9.382980159911481,75.30962229000494,0,-001,1003010
5.771929268635876,14.0,17.2204776863022,1e-10,1.6546898373105102e-12,3.3152827929342796e-06,1.0,47.943810980193064,412854.32429015724,-6.72629280573206e-08,0.2259725274630625,9.383548851414888,75.31240663721033,0,-001,1003010
5.781929268635876,14.0,17.22047770288332,1e-10,1.6647083843009395e-12,3.315148971538753e-06,1.0,47.94313761276723,413531.9162893468,-6.747887034039935e-08,0.2262927164754688,9.38412172473727,75.31521244632266,0,-001,1003010
5.791929268635876,14.0,17.220477719564933,1e-10,1.6748180768867445e-12,3.3150141820022527e-06,1.0,47.942462081947106,414211.3706409759,-6.769598171758647e-08,0.22661463782076455,9.384698830663588,75.31803998287043,0,-001,1003010
5.801929268635876,14.0,17.220477736347956,1e-10,1.6850199846537444e-12,3.314878412696145e-06,1.0,47.94178437601253,414892.6926395058,-6.791427083631112e-08,0.22693830456807942,9.385280220781137,75.32088951660329,0,-001,1003010
5.8119292686358754,14.0,17.220477753233318,1e-10,1.6953151917173211e-12,3.314741651810223e-06,1.0,47.941104483156636,415575.88759551285,-6.8133746419814e-08,0.2272637298758092,9.385865947494114,75.32376132156891,0,-001,1003010
5.821929268635875,14.0,17.22047777022195,1e-10,1.705704796959128e-12,3.3146038873494487e-06,1.0,47.94042239148506,416260.96083572094,-6.835441726808852e-08,0.22759092699299227,9.38645606403864,75.32665567619189,0,-001,1003010
5.831929268635875,14.0,17.220477787314806,1e-10,1.7161899142685327e-12,3.3144651071306196e-06,1.0,47.939738089015144,416947.91770303645,-6.85762922588396e-08,0.22791990926071856,9.387050624497974,75.32957286335399,0,-001,1003010
5.841929268635875,14.0,17.22047780451284,1e-10,1.7267716727888128e-12,3.3143252987789788e-06,1.0,47.93905156367523,417636.76355658215,-6.879938034846034e-08,0.22825069011356974,9.387649683818106,75.33251317047605,0,-001,1003010
5.851929268635875,14.0,17.220477821817024,1e-10,1.7374512171682935e-12,3.3141844497247394e-06,1.0,47.93836280330382,418327.5037717308,-6.902369057302657e-08,0.22858328308108763,9.38825329782365,75.3354768896017,0,-001,1003010
5.861929268635874,14.0,17.22047783922834,1e-10,1.7482297078165152e-12,3.3140425471995544e-06,1.0,47.93767179564877,419020.14374013833,-6.924923204931012e-08,0.22891770178927986,9.388861523234088,75.3384643174828,0,-001,1003010
5.871929268635874,14.0,17.22047785674778,1e-10,1.759108321165508e-12,3.313899578232889e-06,1.0,47.9369785283665,419714.68886977737,-6.947601397581083e-08,0.22925395996215428,9.389474417680391,75.341475755667,0,-001,1003010
5.881929268635874,14.0,17.22047787437635,1e-10,1.7700882499364129e-12,3.313755529648358e-06,1.0,47.93628298902118,420411.1445849699,-6.970404563380829e-08,0.22959207142329116,9.390092039721862,75.34451151058617,0,-001,1003010
5.891929268635874,14.0,17.22047789211507,1e-10,1.7811707034114536e-12,3.3136103880599444e-06,1.0,47.935585165083864,421109.5163264203,-6.993333638843338e-08,0.22993205009744686,9.3907144488635,75.34757189364795,0,-001,1003010
5.9019292686358735,14.0,17.22047790996497,1e-10,1.7923569077114463e-12,3.3134641398681725e-06,1.0,47.93488504393169,421809.8095512485,-7.016389568976001e-08,0.23027391001219574,9.391341705573616,75.35065722132826,0,-001,1003010
5.911929268635873,14.0,17.220477927927085,1e-10,1.8036481060789968e-12,3.313316771256171e-06,1.0,47.934182612847,422512.029733021,-7.039573307391797e-08,0.230617665299606,9.391973871301897,75.35376781526648,0,-001,1003010
5.921929268635873,14.0,17.220477946002475,1e-10,1.8150455591674796e-12,3.313168268185702e-06,1.0,47.93347785901648,423216.1823617838,-7.06288581642269e-08,0.23096333019795542,9.39261100849776,75.35690400236183,0,-001,1003010
5.931929268635873,14.0,17.220477964192206,1e-10,1.8265505453359947e-12,3.313018616393046e-06,1.0,47.932770769530286,423922.2729440946,-7.08632806723522e-08,0.23131091905348278,9.39325318062921,75.36006611487268,0,-001,1003010
5.941929268635873,14.0,17.220477982497354,1e-10,1.8381643609503825e-12,3.312867801384845e-06,1.0,47.932061331381156,424630.30700305285,-7.109901039948327e-08,0.23166044632217964,9.39390045220204,75.36325449051743,0,-001,1003010
5.9519292686358725,14.0,17.22047800091902,1e-10,1.8498883206905184e-12,3.3127158084338586e-06,1.0,47.931349531463525,425340.290078333,-7.133605723753463e-08,0.23201192657162156,9.394552888779401,75.36646947257752,0,-001,1003010
5.961929268635872,14.0,17.2204780194583,1e-10,1.861723757863969e-12,3.3125626225745823e-06,1.0,47.93063535657257,426052.22772621346,-7.157443117037044e-08,0.2323653744828391,9.39521055700197,75.3697114100034,0,-001,1003010
5.971929268635872,14.0,17.220478038116322,1e-10,1.873672024726244e-12,3.3124082285988506e-06,1.0,47.92991879340336,426766.12551960937,-7.181414227505313e-08,0.2327208048522336,9.395873524608255,75.37298065752135,0,-001,1003010
5.981929268635872,14.0,17.220478056894216,1e-10,1.8857344928077345e-12,3.312252611051288e-06,1.0,47.92919982854984,427481.98904810165,-7.205520072311638e-08,0.23307823259353183,9.396541860455631,75.376277575744,0,-001,1003010
5.991929268635872,14.0,17.22047807579312,1e-10,1.8979125532475682e-12,3.3120957542246637e-06,1.0,47.92847844850394,428199.82391796703,-7.22976167818634e-08,0.23343767273978638,9.397215634541697,75.37960253128271,0,-001,1003010
6.001929268635871,14.0,17.220478094814208,1e-10,1.9102076171345024e-12,3.3119376421552077e-06,1.0,47.92775463965457,428919.63575220894,-7.25414008156909e-08,0.23379914044542047,9.397894918026056,75.38295589686197,0,-001,1003010
6.011929268635871,14.0,17.22047811395865,1e-10,1.922621115855067e-12,3.3117782586177457e-06,1.0,47.9270283882867,429641.4301905864,-7.27865632874394e-08,0.23416265098831798,9.398579783252675,75.386338051437,0,-001,1003010
6.021929268635871,14.0,17.22047813322763,1e-10,1.935154501449126e-12,3.311617587120793e-06,1.0,47.926299680580314,430365.2128896428,-7.303311475977052e-08,0.23452821977195962,9.3992703037727,75.38974938031353,0,-001,1003010
6.031929268635871,14.0,17.220478152622356,1e-10,1.9478092469730448e-12,3.311455610901517e-06,1.0,47.92556850260943,431090.9895227348,-7.328106589657186e-08,0.23489586232760898,9.399966554367685,75.39319027527007,0,-001,1003010
6.0419292686358705,14.0,17.22047817214405,1e-10,1.9605868468706603e-12,3.3112923129205906e-06,1.0,47.92483484034108,431818.7657800614,-7.353042746439006e-08,0.23526559431654503,9.400668611073462,75.39666113468319,0,-001,1003010
6.05192926863587,14.0,17.22047819179394,1e-10,1.9734888173522488e-12,3.311127675856949e-06,1.0,47.924098679634284,432548.5473686915,-7.378121033389323e-08,0.23563743153234493,9.401376551204457,75.40016236365533,0,-001,1003010
6.06192926863587,14.0,17.22047821157328,1e-10,1.986516696781716e-12,3.310961682102421e-06,1.0,47.923360006239015,433280.34001259215,-7.403342548136267e-08,0.23601138990321904,9.402090453378541,75.40369437414533,0,-001,1003010
6.07192926863587,14.0,17.22047823148333,1e-10,1.9996720460721632e-12,3.3107943137562574e-06,1.0,47.92261880579511,434014.14945265476,-7.428708399021483e-08,0.23638748549439745,9.402810397542469,75.40725758510217,0,-001,1003010
6.08192926863587,14.0,17.22047825152537,1e-10,2.012956449090122e-12,3.310625552619519e-06,1.0,47.92187506383122,434749.98144672345,-7.454219705255481e-08,0.236765734510569,9.403536464997861,75.41085242260134,0,-001,1003010
6.0919292686358695,14.0,17.220478271700703,1e-10,2.026371513068616e-12,3.3104553801893765e-06,1.0,47.92112876576369,435487.8417696204,-7.479877597076139e-08,0.23714615329837607,9.404268738427756,75.41447931998434,0,-001,1003010
6.101929268635869,14.0,17.220478292010633,1e-10,2.03991886902932e-12,3.3102837776532524e-06,1.0,47.92037989689548,436227.73621317296,-7.50568321591045e-08,0.2375287583489649,9.405007301923769,75.4181387180013,0,-001,1003010
6.111929268635869,14.0,17.220478312456493,1e-10,2.0536001722140256e-12,3.31011072588286e-06,1.0,47.91962844241502,436969.6705862383,-7.53163771453966e-08,0.23791356630059113,9.405752241013863,75.42183106495683,0,-001,1003010
6.121929268635869,14.0,17.220478333039626,1e-10,2.067417102525672e-12,3.309936205428098e-06,1.0,47.918874387395064,437713.6507147295,-7.557742257267786e-08,0.23830059394128686,9.406503642690726,75.42555681685904,0,-001,1003010
6.131929268635869,14.0,17.220478353761393,1e-10,2.0813713649791694e-12,3.3097601965108232e-06,1.0,47.91811771679156,438459.68244163966,-7.583998020093614e-08,0.2386898582115842,9.40726159544078,75.4293164375718,0,-001,1003010
6.141929268635868,14.0,17.220478374623177,1e-10,2.0954646901623457e-12,3.3095826790184823e-06,1.0,47.91735841544248,439207.77162706753,-7.610406190886379e-08,0.23908137620730108,9.408026189273858,75.43311039897054,0,-001,1003010
6.151929268635868,14.0,17.220478395626373,1e-10,2.1096988347071126e-12,3.3094036324975968e-06,1.0,47.91659646806655,439957.92414823896,-7.636967969564969e-08,0.23947516518238918,9.40879751575357,75.43693918110166,0,-001,1003010
6.161929268635868,14.0,17.220478416772394,1e-10,2.1240755817713496e-12,3.3092230361471124e-06,1.0,47.91583185926214,440710.14589953294,-7.663684568281027e-08,0.23987124255184503,9.409575668028307,75.44080327234525,0,-001,1003010
6.171929268635868,14.0,17.220478438062678,1e-10,2.138596741531596e-12,3.3090408688116147e-06,1.0,47.915064573505965,441464.4427925024,-7.690557211605798e-08,0.24026962589468667,9.41036074086297,75.4447031695816,0,-001,1003010
6.181929268635868,14.0,17.220478459498665,1e-10,2.153264151686936e-12,3.3088571089743467e-06,1.0,47.91429459515187,442220.8207558976,-7.717587136721037e-08,0.24067033295699544,9.411152830671504,75.44863937836189,0,-001,1003010
6.191929268635867,14.0,17.22047848108183,1e-10,2.168079677974339e-12,3.3086717347501433e-06,1.0,47.91352190842955,442979.2857356876,-7.744775593613818e-08,0.24107338165502706,9.411952035549993,75.4526124130819,0,-001,1003010
6.201929268635867,14.0,17.220478502813663,1e-10,2.183045214695813e-12,3.308484723878153e-06,1.0,47.912746497443266,443739.8436950811,-7.772123845275609e-08,0.2414787900783917,9.412758455310682,75.45662279716039,0,-001,1003010
6.211929268635867,14.0,17.22047852469566,1e-10,2.1981626852575448e-12,3.308296053714415e-06,1.0,47.911968346170546,444502.5006145485,-7.79963316790546e-08,0.24188657649330428,9.413572191516693,75.46067106322131,0,-001,1003010
6.221929268635867,14.0,17.22047854672936,1e-10,2.2134340427215737e-12,3.3081057012242786e-06,1.0,47.91118743846084,445267.26249184005,-7.827304851117671e-08,0.24229675934590666,9.41439334751757,75.46475775328018,0,-001,1003010
6.2319292686358665,14.0,17.2204785689163,1e-10,2.2288612703701196e-12,3.3079136429746404e-06,1.0,47.910403758034185,446034.1353420067,-7.855140198153774e-08,0.2427093572656658,9.415222028485644,75.46888341893475,0,-001,1003010
6.241929268635866,14.0,17.220478591258047,1e-10,2.2444463822830027e-12,3.307719855126015e-06,1.0,47.909617288479815,446803.1251974183,-7.883140526099131e-08,0.24312438906884531,9.416058341453232,75.47304862156012,0,-001,1003010
6.251929268635866,14.0,17.220478613756192,1e-10,2.2601914239285813e-12,3.307524313424433e-06,1.0,47.908828013254805,447574.23810778256,-7.911307166104239e-08,0.2435418737620553,9.416902395350647,75.47725393250808,0,-001,1003010
6.261929268635866,14.0,17.220478636412338,1e-10,2.276098472768363e-12,3.3073269931931333e-06,1.0,47.90803591568262,448347.4801401615,-7.939641463610681e-08,0.2439618305458805,9.417754301045239,75.48149993331155,0,-001,1003010
6.271929268635866,14.0,17.220478659228107,1e-10,2.2921696388759e-12,3.307127869324102e-06,1.0,47.907240978951705,449122.8573789896,-7.968144778582112e-08,0.2443842788185895,9.418614171381156,75.4857872158933,0,-001,1003010
6.281929268635865,14.0,17.220478682205155,1e-10,2.3084070655702276e-12,3.306926916269394e-06,1.0,47.90644318611401,449900.3759260895,-7.996818485740169e-08,0.24480923817992636,9.419482121220183,75.49011638277969,0,-001,1003010
6.291929268635865,14.0,17.22047870534515,1e-10,2.3248129300642224e-12,3.3067241080322743e-06,1.0,47.90564252008352,450680.0419006877,-8.025663974805561e-08,0.24523672843498492,9.420358267483426,75.49448804731938,0,-001,1003010
6.301929268635865,14.0,17.220478728649784,1e-10,2.3413894441283615e-12,3.306519418158128e-06,1.0,47.90483896363471,451461.8614394285,-8.05468265074433e-08,0.24566676959816952,9.421242729194132,75.4989028339074,0,-001,1003010
6.311929268635865,14.0,17.22047875212077,1e-10,2.3581388547703026e-12,3.3063128197252186e-06,1.0,47.90403249940107,452245.8406963901,-8.083875934019658e-08,0.24609938189724573,9.422135627521286,75.50336137821377,0,-001,1003010
6.321929268635865,14.0,17.220478775759844,1e-10,2.375063444930612e-12,3.306104285335171e-06,1.0,47.90322310987351,453031.98584309587,-8.11324526084902e-08,0.24653458577747586,9.423037085824483,75.50786432741847,0,-001,1003010
6.331929268635864,14.0,17.220478799568763,1e-10,2.392165534195286e-12,3.3058937871032897e-06,1.0,47.902410777398764,453820.30306852795,-8.14279208346711e-08,0.24697240190585013,9.423947229699678,75.51241234045104,0,-001,1003010
6.341929268635864,14.0,17.220478823549318,1e-10,2.4094474795252985e-12,3.3056812966486242e-06,1.0,47.90159548417782,454610.7985791389,-8.172517870394477e-08,0.24741285117540973,9.42486618702612,75.51700608823629,0,-001,1003010
6.351929268635864,14.0,17.220478847703305,1e-10,2.426911676003861e-12,3.3054667850838055e-06,1.0,47.900777212264245,455403.4785988628,-8.202424106712172e-08,0.2478559547096635,9.425794088014394,75.52164625394599,0,-001,1003010
6.361929268635864,14.0,17.220478872032565,1e-10,2.4445605576016797e-12,3.3052502230046933e-06,1.0,47.899955943562546,456198.3493691248,-8.232512294342378e-08,0.24830173386710613,9.426731065255499,75.52633353325567,0,-001,1003010
6.3719292686358635,14.0,17.22047889653895,1e-10,2.4623965979609523e-12,3.3050315804796967e-06,1.0,47.899131659826445,456995.4171488509,-8.262783952335336e-08,0.2487502102458297,9.427677253771344,75.53106863460899,0,-001,1003010
6.381929268635863,14.0,17.220478921224338,1e-10,2.480422311198393e-12,3.3048108270389535e-06,1.0,47.898304342657184,457794.68821447535,-8.293240617162639e-08,0.24920140568824398,9.428632791066143,75.53585227948666,0,-001,1003010
6.391929268635863,14.0,17.220478946090633,1e-10,2.4986402527279953e-12,3.304587931663162e-06,1.0,47.897473973501775,458596.16885995003,-8.32388384301702e-08,0.24965534228589303,9.429597817179344,75.54068520268348,0,-001,1003010
6.401929268635863,14.0,17.22047897113977,1e-10,2.5170530201039654e-12,3.3043628627722313e-06,1.0,47.89664053365121,459399.86539674964,-8.354715202118866e-08,0.2501120423843835,9.43057247473958,75.54556815259055,0,-001,1003010
6.411929268635863,14.0,17.220478996373703,1e-10,2.53566325388448e-12,3.304135588213611e-06,1.0,47.89580400423861,460205.7841538761,-8.385736285029569e-08,0.2505715285884177,9.431556909020122,75.55050189148534,0,-001,1003010
6.421929268635862,14.0,17.220479021794418,1e-10,2.5544736385168536e-12,3.3039060752503744e-06,1.0,47.89496436623746,461013.9314778657,-8.416948700971934e-08,0.25103382376693656,9.432551267995578,75.55548719582828,0,-001,1003010
6.431929268635862,14.0,17.220479047403927,1e-10,2.5734869032446232e-12,3.303674290549031e-06,1.0,47.894121600459655,461824.31373279035,-8.448354078157726e-08,0.25149895105837866,9.433555702399936,75.56052485656626,0,-001,1003010
6.441929268635862,14.0,17.220479073204263,1e-10,2.5927058230373284e-12,3.303440200167022e-06,1.0,47.89327568755363,462636.937300262,-8.479954064122674e-08,0.2519669338760498,9.434570365786161,75.5656156794442,0,-001,1003010
6.451929268635862,14.0,17.220479099197497,1e-10,2.612133219543508e-12,3.3032037695399623e-06,1.0,47.89242660800243,463451.80857943266,-8.511750326068942e-08,0.25243779591361226,9.435595414587064,75.57076048532333,0,-001,1003010
6.461929268635862,14.0,17.220479125385722,1e-10,2.631771962067606e-12,3.3029649634685507e-06,1.0,47.89157434212168,464268.9339869953,-8.543744551215381e-08,0.25291156115069385,9.43663100817782,75.57596011050786,0,-001,1003010
6.471929268635861,14.0,17.220479151771062,1e-10,2.6516249685715485e-12,3.302723746105181e-06,1.0,47.89071887005761,465088.3199571832,-8.575938447155727e-08,0.25338825385861813,9.437677308939922,75.58121540707927,0,-001,1003010
6.481929268635861,14.0,17.22047917835567,1e-10,2.6716952067016154e-12,3.3024800809402395e-06,1.0,47.889860171785,465909.97294176766,-8.60833374222492e-08,0.25386789860625913,9.438734482326788,75.58652724323903,0,-001,1003010
6.491929268635861,14.0,17.220479205141725,1e-10,2.691985694841298e-12,3.302233930788078e-06,1.0,47.8889982271051,466733.89941005537,-8.640932185873695e-08,0.2543505202660247,9.439802696930881,75.59189650365929,0,-001,1003010
6.501929268635861,14.0,17.220479232131442,1e-10,2.7124995031910804e-12,3.30198525777266e-06,1.0,47.88813301564347,467560.10584888374,-8.673735549051773e-08,0.25483614401996935,9.440882124552592,75.59732408984259,0,-001,1003010
6.5119292686358605,14.0,17.220479259327064,1e-10,2.733239754875725e-12,3.301734023312841e-06,1.0,47.88726451684785,468388.5987626156,-8.706745624599782e-08,0.25532479536603764,9.441972940270771,75.60281092049027,0,-001,1003010
6.52192926863586,14.0,17.220479286730868,1e-10,2.754209627079928e-12,3.3014801881073316e-06,1.0,47.88639270998597,469219.3846731321,-8.739964227650078e-08,0.2558165001244455,9.443075322515043,75.60835793187991,0,-001,1003010
6.53192926863586,14.0,17.22047931434516,1e-10,2.7754123522132323e-12,3.3012237121192757e-06,1.0,47.88551757414326,470052.47011982463,-8.773393196036823e-08,0.25631128444419754,9.444189453139904,75.61396607825226,0,-001,1003010
6.54192926863586,14.0,17.22047934217228,1e-10,2.7968512191049726e-12,3.3009645545604772e-06,1.0,47.8846390882206,470887.8616595861,-8.807034390715412e-08,0.25680917480974746,9.445315517500648,75.61963633220736,0,-001,1003010
6.55192926863586,14.0,17.2204793702146,1e-10,2.8185295742301734e-12,3.300702673875235e-06,1.0,47.88375723093202,471725.56586679927,-8.840889696191587e-08,0.2573101980477985,9.44645370453128,75.62536968511124,0,-001,1003010
6.5619292686358595,14.0,17.220479398474527,1e-10,2.840450822967275e-12,3.3004380277237945e-06,1.0,47.882871980802236,472565.58933332365,-8.874961020960349e-08,0.2578143813342538,9.447604206824291,75.63116714751192,0,-001,1003010
6.571929268635859,14.0,17.2204794269545,1e-10,2.862618430888674e-12,3.300170572965414e-06,1.0,47.881983316164344,473407.9386684843,-8.909250297955074e-08,0.258321752201315,9.448767220712462,75.63702974956631,0,-001,1003010
6.581929268635859,14.0,17.220479455657003,1e-10,2.8850359250850458e-12,3.2999002656410053e-06,1.0,47.8810912151573,474252.6204990543,-8.943759485006979e-08,0.25883233854473287,9.449942946352776,75.64295854147763,0,-001,1003010
6.591929268635859,14.0,17.220479484584537,1e-10,2.9077068955242987e-12,3.299627060955353e-06,1.0,47.88019565572341,475099.6414692388,-8.978490565315168e-08,0.2593461686312145,9.451131587812409,75.64895459394383,0,-001,1003010
6.601929268635859,14.0,17.22047951373965,1e-10,2.9306349964465012e-12,3.2993509132589293e-06,1.0,47.879296615605824,475949.008240657,-9.013445547927644e-08,0.2598632711059888,9.452333353156915,75.65501899861725,0,-001,1003010
6.611929268635858,14.0,17.22047954312493,1e-10,2.953823947795494e-12,3.299071776029245e-06,1.0,47.878394072345884,476800.72749232186,-9.048626468233458e-08,0.26038367500053433,9.4535484545406,75.66115286857563,0,-001,1003010
6.621929268635858,14.0,17.220479572742995,1e-10,2.9772775366885405e-12,3.298789601851755e-06,1.0,47.87748800328051,477654.80592061934,-9.084035388466263e-08,0.2609074097404718,9.454777108299314,75.66735733880554,0,-001,1003010
6.631929268635858,14.0,17.22047960259651,1e-10,3.0009996189250325e-12,3.2985043424003066e-06,1.0,47.87657838553948,478511.2502392834,-9.119674398219656e-08,0.261434505153625,9.456019535045467,75.67363356669738,0,-001,1003010
6.641929268635858,14.0,17.220479632688164,1e-10,3.02499412053544e-12,3.2982159484170886e-06,1.0,47.87566519604266,479370.0671793728,-9.15554561497449e-08,0.2619649914782542,9.457275959765623,75.67998273255367,0,-001,1003010
6.6519292686358575,14.0,17.2204796630207,1e-10,3.0492650393717606e-12,3.2979243696921293e-06,1.0,47.874748411497244,480231.2634892435,-9.191651184638559e-08,0.26249889937146487,9.458546611920424,75.68640604010935,0,-001,1003010
6.661929268635857,14.0,17.220479693596896,1e-10,3.0738164467406466e-12,3.297629555042272e-06,1.0,47.873828008394845,481094.84593451995,-9.227993282098836e-08,0.2630362599177949,9.459831725547215,75.69290471706591,0,-001,1003010
6.671929268635857,14.0,17.22047972441957,1e-10,3.098652489080561e-12,3.2973314522896255e-06,1.0,47.87290396300861,481960.8212980655,-9.264574111786749e-08,0.2635771046379836,9.461131539365278,75.69948001563924,0,-001,1003010
6.681929268635857,14.0,17.22047975549158,1e-10,3.1237773896842556e-12,3.297030008239504e-06,1.0,47.87197625139024,482829.19637994876,-9.301395908256624e-08,0.26412146549792803,9.462446296883753,75.70613321312106,0,-001,1003010
6.691929268635857,14.0,17.220479786815837,1e-10,3.1491954504679857e-12,3.2967251686578455e-06,1.0,47.87104484936693,483699.97799740976,-9.338460936777833e-08,0.2646693749178292,9.463776246512317,75.71286561245462,0,-001,1003010
6.7019292686358565,14.0,17.22047981839528,1e-10,3.174911053788793e-12,3.2964168782480146e-06,1.0,47.87010973253833,484573.17298482417,-9.375771493940739e-08,0.26522086578152787,9.465121641674848,75.71967854282595,0,-001,1003010
6.711929268635856,14.0,17.22047984889214,1e-10,1.061025157649997e-12,3.2961077857056143e-06,1.0,47.869210305518024,485449.5984528795,-3.1202756753997747e-08,0.2657762217755136,9.46647127452547,75.7265275007748,0,-001,1003010
6.721929268635856,14.0,17.220479859534848,1e-10,1.0705664426367412e-12,3.295835624517687e-06,1.0,47.86889776822564,486340.6178628377,-3.135241226269846e-08,0.26633898795831423,9.467665178889042,75.73277320597283,0,-001,1003010
6.731929268635856,14.0,17.22047987027335,1e-10,1.0802197011110078e-12,3.2955599210731024e-06,1.0,47.868583731322126,487234.1709593005,-3.150296853969783e-08,0.2669054700018485,9.468874904334324,75.73910240703051,0,-001,1003010
6.741929268635856,14.0,17.220479881108773,1e-10,1.089986544957057e-12,3.295280614413186e-06,1.0,47.868268185776195,488130.2654948394,-3.165443110239185e-08,0.2674757030542735,9.470100729031524,75.74551657242743,0,-001,1003010
6.751929268635855,14.0,17.220479892042256,1e-10,1.0998685640925879e-12,3.2949976423419785e-06,1.0,47.86795112250887,489028.909248201,-3.1806804712228645e-08,0.2680497227791845,9.471342936963522,75.75201720120667,0,-001,1003010
6.761929268635855,14.0,17.22047990307495,1e-10,1.1098673743573317e-12,3.2947109413978973e-06,1.0,47.8676325323936,489930.11002440046,-3.1960094119019795e-08,0.2686275653661735,9.472601818064524,75.75860582369849,0,-001,1003010
6.771929268635855,14.0,17.22047991420804,1e-10,1.1199846180003113e-12,3.2944204468247064e-06,1.0,47.86731240625638,490833.8756548152,-3.21143040594142e-08,0.2692092675416061,9.473877668362295,75.76528400226275,0,-001,1003010
6.781929268635855,14.0,17.220479925442707,1e-10,1.1302219641769774e-12,3.2941260925417476e-06,1.0,47.866990734875905,491740.21399728145,-3.2269439255309144e-08,0.26979486657962515,9.475170790124242,75.77205333205092,0,-001,1003010
6.7919292686358546,14.0,17.220479936780162,1e-10,1.140581109456346e-12,3.293827811113445e-06,1.0,47.86666750898369,492649.1329361886,-3.2425504412193624e-08,0.27038440031338085,9.476481492007286,75.77891544178783,0,-001,1003010
6.801929268635854,14.0,17.220479948221627,1e-10,1.151063778338328e-12,3.293525533718028e-06,1.0,47.86634271926425,493560.6403825757,-3.2582504217422547e-08,0.27097790714649495,9.477810089211811,75.78587199457436,0,-001,1003010
6.811929268635854,14.0,17.220479959768348,1e-10,1.1616717237814984e-12,3.2932191901154853e-06,1.0,47.866016356355324,494474.7442742298,-3.274044333842004e-08,0.2715754260647612,9.479156903639614,75.79292468871083,0,-001,1003010
6.821929268635854,14.0,17.220479971421575,1e-10,1.172406727741338e-12,3.2929087086147203e-06,1.0,47.86568841084802,495391.4525757828,-3.2899326420806074e-08,0.2721769966480896,9.480522264056143,75.80007525854228,0,-001,1003010
6.831929268635854,14.0,17.220479983182596,1e-10,1.1832706017193228e-12,3.292594016039883e-06,1.0,47.86535887328709,496310.7732788107,-3.305915808644739e-08,0.27278265908269744,9.481906506256946,75.80732547532578,0,-001,1003010
6.8419292686358535,14.0,17.2204799950527,1e-10,1.194265187322878e-12,3.2922750376958454e-06,1.0,47.86502773417116,497232.7144019332,-3.321994293142705e-08,0.27339245417354824,9.48330997323876,75.81467714812126,0,-001,1003010
6.851929268635853,14.0,17.220480007033196,1e-10,1.205392356836425e-12,3.291951697332836e-06,1.0,47.86469498395296,498157.28399091336,-3.338168552392874e-08,0.2740064233570523,9.484733015374951,75.82213212470496,0,-001,1003010
6.861929268635853,14.0,17.220480019125418,1e-10,1.2166540138038351e-12,3.291623917110186e-06,1.0,47.86436061303968,499084.4901187598,-3.354439040203736e-08,0.2746246087140256,9.48617599059579,75.8296922925076,0,-001,1003010
6.871929268635853,14.0,17.220480031330723,1e-10,1.2280520936221883e-12,3.2912916175591566e-06,1.0,47.86402461179322,500014.3408858283,-3.3708062071444754e-08,0.275247052982916,9.487639264573517,75.83735957957728,0,-001,1003010
6.881929268635853,14.0,17.220480043650475,1e-10,1.2395885641473425e-12,3.2909547175448453e-06,1.0,47.86368697053054,500946.8444199243,-3.3872705003065767e-08,0.27587379957329966,9.489123210912375,75.84513595556778,0,-001,1003010
6.891929268635852,14.0,17.22048005608607,1e-10,1.2512654263112632e-12,3.290613134227159e-06,1.0,47.863347679524026,501882.00887640775,-3.403832363055399e-08,0.2765048925796577,9.490628211343694,75.85302343275285,0,-001,1003010
6.901929268635852,14.0,17.220480068638917,1e-10,1.2630847147513623e-12,3.290266783020769e-06,1.0,47.86300672900185,502819.8424382974,-3.4204922347716636e-08,0.27714037679543035,9.492154655926353,75.86102406706806,0,-001,1003010
6.911929268635852,14.0,17.220480081310445,1e-10,1.2750484984520602e-12,3.2899155775541265e-06,1.0,47.86266410914841,503760.35331637715,-3.437250550582545e-08,0.27778029772736307,9.493702943252405,75.86913995917912,0,-001,1003010
6.921929268635852,14.0,17.22048009410211,1e-10,1.2871588813986895e-12,3.289559429627418e-06,1.0,47.86231981010473,504703.549749302,-3.45410774108159e-08,0.2784247016101445,9.495273480658435,75.87737325557958,0,-001,1003010
6.931929268635852,14.0,17.220480107015387,1e-10,1.2994180032439917e-12,3.289198249169472e-06,1.0,47.861973821968945,505649.4400037075,-3.471064232037647e-08,0.2790736354213425,9.496866684442514,75.88572614971714,0,-001,1003010
6.941929268635851,14.0,17.220480120051764,1e-10,1.3118280399872327e-12,3.2888319441936288e-06,1.0,47.86162613479678,506598.0323743175,-3.4881204440916197e-08,0.27972714689664563,9.498482980086981,75.89420088314982,0,-001,1003010
6.951929268635851,14.0,17.220480133212764,1e-10,1.3243912046662654e-12,3.2884604207524883e-06,1.0,47.86127673860208,507549.33518405486,-3.505276792441205e-08,0.28038528454541706,9.500122802487242,75.90279974673287,0,-001,1003010
6.961929268635851,14.0,17.220480146499916,1e-10,1.337109748062626e-12,3.288083582891546e-06,1.0,47.86092562335738,508503.35678415303,-3.5225336865129926e-08,0.2810480976665629,9.501786596186731,75.91152508183711,0,-001,1003010
6.971929268635851,14.0,17.220480159914793,1e-10,1.349985959419819e-12,3.287701332601697e-06,1.0,47.86057277899448,509460.1055542688,-3.539891529621182e-08,0.28171563636472563,9.503474815618148,75.9203792815995,0,-001,1003010
6.9819292686358505,14.0,17.220480173458977,1e-10,1.3630221671749556e-12,3.2873135697705415e-06,1.0,47.860218195405054,510419.5899025952,-3.557350718612778e-08,0.282387951566806,9.505187925351269,75.92936479220695,0,-001,1003010
6.99192926863585,14.0,17.220480187134072,1e-10,1.3762207397038624e-12,3.2869201921325173e-06,1.0,47.859861862441335,511381.81826597743,-3.574911643498416e-08,0.2830650950388214,9.506926400347353,75.93848411421403,0,-001,1003010
7.00192926863585,14.0,17.220480200941715,1e-10,1.3895840860799086e-12,3.2865210952177952e-06,1.0,47.85950376991679,512346.79911002895,-3.592574687068649e-08,0.283747119403107,9.508690726220449,75.94773980389557,0,-001,1003010
7.01192926863585,14.0,17.220480214883555,1e-10,1.403114656846557e-12,3.2861161722999327e-06,1.0,47.85914390760688,513314.5409292496,-3.610340224494765e-08,0.2844340781558654,9.510481399505668,75.95713447463501,0,-001,1003010
7.02192926863585,14.0,17.22048022896128,1e-10,1.4168149448038549e-12,3.2857053143422625e-06,1.0,47.85878226524981,514285.0522471452,-3.6282086229137964e-08,0.2851260256850766,9.512298927934626,75.96667079834889,0,-001,1003010
7.031929268635849,14.0,17.220480243176592,1e-10,1.4306874858089326e-12,3.285288409942945e-06,1.0,47.85841883254735,515258.34161634656,-3.646180240997016e-08,0.28582301728876613,9.514143830718442,75.97635150694995,0,-001,1003010
7.041929268635849,14.0,17.220480257531218,1e-10,1.444734859590669e-12,3.2848653452787175e-06,1.0,47.85805359916573,516234.4176187343,-3.6642554285013335e-08,0.2865251091936483,9.516016638838147,75.98617939384779,0,-001,1003010
7.051929268635849,14.0,17.220480272026926,1e-10,1.4589596905786028e-12,3.2844360040472958e-06,1.0,47.8576865547365,517213.2888655607,-3.682434525803013e-08,0.2872323585741479,9.51791789534292,75.99615731548913,0,-001,1003010
7.061929268635849,14.0,17.220480286665488,1e-10,1.4733646487461803e-12,3.28400026740836e-06,1.0,47.85731768885753,518194.9639975765,-3.700717863412913e-08,0.28794482357180656,9.519848155656339,76.00628819293881,0,-001,1003010
7.071929268635849,14.0,17.22048030144872,1e-10,1.4879524504684182e-12,3.2835580139231514e-06,1.0,47.85694699109396,519179.4516851573,-3.7191057614725996e-08,0.288662563315085,9.521807987890787,76.01657501350199,0,-001,1003010
7.081929268635848,14.0,17.22048031637846,1e-10,1.5027258593940675e-12,3.283109119492639e-06,1.0,47.856574450979316,520166.76062843256,-3.7375985292307684e-08,0.28938563793956695,9.523797973170167,76.02702083238837,0,-001,1003010
7.091929268635848,14.0,17.220480331456578,1e-10,1.517687687332325e-12,3.2826534572942177e-06,1.0,47.85620005801657,521156.89955741743,-3.756196464498994e-08,0.29011410860857667,9.525818705961276,76.03762877442016,0,-001,1003010
7.101929268635848,14.0,17.22048034668496,1e-10,1.5328407951541227e-12,3.282190897716895e-06,1.0,47.85582380167931,522149.8772321433,-3.774899853086266e-08,0.2908480375342118,9.52787079441397,76.04840203578428,0,-001,1003010
7.111929268635848,14.0,17.22048036206553,1e-10,1.5481880937080363e-12,3.281721308295017e-06,1.0,47.85544567141299,523145.702442795,-3.7937089682113604e-08,0.29158748799880957,9.529954860710221,76.05934388582969,0,-001,1003010
7.1219292686358475,14.0,17.220480377600243,1e-10,1.5637325447508327e-12,3.2812445536403948e-06,1.0,47.855065656636164,524144.3840098453,-3.812624069892306e-08,0.29233252437684903,9.532071541422537,76.07045766891143,0,-001,1003010
7.131929268635847,14.0,17.22048039329108,1e-10,1.5794771618926071e-12,3.280760495372923e-06,1.0,47.85468374674189,525145.9307841955,-3.8316454043121365e-08,0.2930832121572995,9.534221487881663,76.08174680628156,0,-001,1003010
7.141929268635847,14.0,17.220480409140055,1e-10,1.5954250115565169e-12,3.2802689920495776e-06,1.0,47.85429993109907,526150.3516473148,-3.85077320315991e-08,0.29383961796643104,9.536405366553991,76.09321479802887,0,-001,1003010
7.151929268635847,14.0,17.22048042514921,1e-10,1.6115792139530294e-12,3.279769899091806e-06,1.0,47.85391419905396,527157.6555113845,-3.870007682946205e-08,0.2946018095910857,9.538623859428876,76.10486522506807,0,-001,1003010
7.161929268635847,14.0,17.220480441320614,1e-10,1.6279429440687038e-12,3.279263068711315e-06,1.0,47.8535265399317,528167.8513194429,-3.8893490442922614e-08,0.2953698560024341,9.540877664415866,76.1167017511788,0,-001,1003010
7.1719292686358465,14.0,17.220480457656375,1e-10,1.6445194326692705e-12,3.278748349834176e-06,1.0,47.85313694303793,529180.9480455337,-3.9087974711914666e-08,0.29614382738021616,9.54316749575239,76.1287281250968,0,-001,1003010
7.181929268635846,14.0,17.220480474158638,1e-10,1.6613119673169944e-12,3.278225588023292e-06,1.0,47.85274539766049,530196.9546948564,-3.9283531302425175e-08,0.2969237951374861,9.545494084421811,76.14094818265679,0,-001,1003010
7.191929268635846,14.0,17.220480490829566,1e-10,1.6783238934021557e-12,3.277694625399143e-06,1.0,47.852351893071166,531215.8803039194,-3.948016169853125e-08,0.2977098319458657,9.547858178582294,76.1533658489894,0,-001,1003010
7.201929268635846,14.0,17.22048050767137,1e-10,1.6955586151884316e-12,3.2771553005588535e-06,1.0,47.85195641852754,532237.7339406956,-3.967786719412996e-08,0.29850201176132646,9.550260544006557,76.16598514077212,0,-001,1003010
7.211929268635846,14.0,17.220480524686288,1e-10,1.7130195968720608e-12,3.276607448493551e-06,1.0,47.851558963274954,533262.5247047809,-3.9876648884354014e-08,0.2993004098505059,9.55270196453276,76.17881016853548,0,-001,1003010
7.221929268635845,14.0,17.220480541876597,1e-10,1.7307103636543972e-12,3.27605090050396e-06,1.0,47.851159516548464,534290.2617275554,-4.0076507656656417e-08,0.3001051028175755,9.555183242526766,76.19184513902584,0,-001,1003010
7.231929268635845,14.0,17.220480559244606,1e-10,1.7486345028278118e-12,3.2754854841143025e-06,1.0,47.85075806757502,535320.9541723501,-4.0277444181558865e-08,0.30091616863167475,9.557705199355935,76.20509435762492,0,-001,1003010
7.241929268635845,14.0,17.220480576792657,1e-10,1.7667956648743376e-12,3.274911022984426e-06,1.0,47.85035460557561,536354.611234611,-4.047945890304364e-08,0.30173368665492123,9.560268675874674,76.21856223082759,0,-001,1003010
7.251929268635845,14.0,17.22048059452314,1e-10,1.785197564577052e-12,3.274327336820206e-06,1.0,47.849949119767594,537391.2421420724,-4.068255202858565e-08,0.30255773767101596,9.562874532921896,76.23225326877824,0,-001,1003010
7.2619292686358445,14.0,17.220480612438468,1e-10,1.8038439821435261e-12,3.2737342412821667e-06,1.0,47.849541599367086,538430.8561549308,-4.0886723518803665e-08,0.3033884039144595,9.565523651830693,76.24617208786714,0,-001,1003010
7.271929268635844,14.0,17.220480630541104,1e-10,1.8227387643409854e-12,3.2731315478924113e-06,1.0,47.84913203359147,539473.462566022,-4.1091973076721236e-08,0.3042257691003931,9.568216934950184,76.26032341338646,0,-001,1003010
7.281929268635844,14.0,17.220480648833544,1e-10,1.841885825642814e-12,3.2725190639397714e-06,1.0,47.848720411662,540519.0707010033,-4.1298300136622874e-08,0.3050699184550841,9.570955306179943,76.27471208224782,0,-001,1003010
7.291929268635844,14.0,17.22048066731832,1e-10,1.861289149385804e-12,3.271896592383253e-06,1.0,47.84830672280655,541567.6899185376,-4.150570385249233e-08,0.3059209387470728,9.573739711516941,76.28934304576083,0,-001,1003010
7.301929268635844,14.0,17.220480685998016,1e-10,1.8809527889374456e-12,3.271263931753778e-06,1.0,47.847890956262425,542619.3296104831,-4.171418308601406e-08,0.3067789183189997,9.576571119615355,76.30422137247415,0,-001,1003010
7.3119292686358435,14.0,17.220480704875243,1e-10,1.900880868872928e-12,3.270620876054229e-06,1.0,47.84747310127936,543673.9992020865,-4.1923736394129176e-08,0.3076439471201358,9.579450522359183,76.31935225107848,0,-001,1003010
7.321929268635843,14.0,17.22048072395266,1e-10,1.921077586160813e-12,3.269967214657844e-06,1.0,47.84705314712259,544731.7081521796,-4.213436201612319e-08,0.30851611673963136,9.582378935447915,76.33474099337278,0,-001,1003010
7.331929268635843,14.0,17.220480743232972,1e-10,1.9415472113569664e-12,3.2693027322049997e-06,1.0,47.84663108307606,545792.4659533814,-4.234605786023591e-08,0.3093955204405149,9.585357398995193,76.35039303729263,0,-001,1003010
7.341929268635843,14.0,17.22048076271892,1e-10,1.9622940898056598e-12,3.2686272084984013e-06,1.0,47.84620689844583,546856.2821323038,-4.255882148977101e-08,0.31028225319445407,9.588386978140726,76.36631395000235,0,-001,1003010
7.351929268635843,14.0,17.220480782413293,1e-10,1.9833226428472133e-12,3.2679404183967345e-06,1.0,47.8457805825635,547923.1662497631,-4.2772650108693216e-08,0.3111764117173115,9.591468763675381,76.38250943104967,0,-001,1003010
7.361929268635842,14.0,17.220480802318917,1e-10,2.0046373690310335e-12,3.267242131706868e-06,1.0,47.84535212478993,548993.1279009948,-4.298754054669158e-08,0.31207809450552326,9.5946038726794,76.39898531558273,0,-001,1003010
7.371929268635842,14.0,17.220480822438677,1e-10,2.0262428453331957e-12,3.2665321130746243e-06,1.0,47.844921514518994,550066.1767158752,-4.320348924369268e-08,0.31298740187331947,9.59779344917389,76.41574757762986,0,-001,1003010
7.381929268635842,14.0,17.22048084277549,1e-10,2.0481437283774083e-12,3.265810121874231e-06,1.0,47.84448874118153,551142.3223591464,-4.342049223380499e-08,0.31390443599082274,9.601038664785474,76.43280233344066,0,-001,1003010
7.391929268635842,14.0,17.22048086333233,1e-10,2.0703447556581284e-12,3.2650759120965103e-06,1.0,47.844053794249454,552221.5745306482,-4.363854512867259e-08,0.31482930092305644,9.60434071942396,76.45015584488804,0,-001,1003010
7.4019292686358416,14.0,17.220480884112217,1e-10,2.0928507467648533e-12,3.2643292322359427e-06,1.0,47.84361666324007,553303.9429655551,-4.385764310022412e-08,0.31576210266989085,9.607700841972967,76.46781452293,0,-001,1003010
7.411929268635841,14.0,17.220480905118215,1e-10,2.115666604605874e-12,3.2635698251766717e-06,1.0,47.843177337720505,554389.4374346192,-4.407778086278897e-08,0.316702949206967,9.611120290993341,76.48578493112988,0,-001,1003010
7.421929268635841,14.0,17.22048092635344,1e-10,2.1387973166304204e-12,3.262797428077607e-06,1.0,47.84273580731234,555478.0677444186,-4.4298952654566484e-08,0.31765195052763545,9.614600355439086,76.50407378923363,0,-001,1003010
7.431929268635841,14.0,17.220480947821052,1e-10,2.162247956047503e-12,3.26201177225674e-06,1.0,47.842292061696455,556569.8437376131,-4.452115221842236e-08,0.3186092186859454,9.61814235538562,76.52268797680213,0,-001,1003010
7.441929268635841,14.0,17.220480969524278,1e-10,2.1860236830398774e-12,3.261212583074849e-06,1.0,47.84184609061805,557664.7752932061,-4.474437278199147e-08,0.31957486784073214,9.621747642769932,76.54163453689623,0,-001,1003010
7.4519292686358405,14.0,17.220480991466374,1e-10,2.210129745971558e-12,3.260399579818726e-06,1.0,47.84139788389184,558762.8723268126,-4.496860703706592e-08,0.32054901430084565,9.625417602142324,76.56092067981236,0,-001,1003010
7.46192926863584,14.0,17.220481013650673,1e-10,2.234571482586924e-12,3.259572475584185e-06,1.0,47.84094743140752,559864.1447909342,-4.519384711824245e-08,0.32153177657156895,9.62915365142916,76.58055378686495,0,-001,1003010
7.47192926863584,14.0,17.220481036080542,1e-10,2.2593543211996016e-12,3.258730977158953e-06,1.0,47.840494723135386,560968.6026752434,-4.542008458080612e-08,0.3225232754022759,9.632957242706272,76.60054141421371,0,-001,1003010
7.48192926863584,14.0,17.220481058759418,1e-10,2.284483781869105e-12,3.2578747849057884e-06,1.0,47.840039749132224,562076.2560068725,-4.5647310377826376e-08,0.32352363383538785,9.63682986298208,76.62089129672977,0,-001,1003010
7.49192926863584,14.0,17.220481081690778,1e-10,2.3099654775632097e-12,3.257003592645993e-06,1.0,47.83958249954739,563187.1148507128,-4.587551483644083e-08,0.32453297725668484,9.64077303499005,76.64161135189866,0,-001,1003010
7.501929268635839,14.0,17.22048110487817,1e-10,2.3358051153036414e-12,3.2561170875436515e-06,1.0,47.83912296462918,564301.1893097197,-4.610468763329839e-08,0.325551433447035,9.644788317989295,76.662709683753,0,-001,1003010
7.511929268635839,14.0,17.22048112832519,1e-10,2.3620084972930174e-12,3.2552149499908343e-06,1.0,47.838661134731396,565418.4895252289,-4.6334817769139654e-08,0.32657913263560856,9.648877308572807,76.68419458683164,0,-001,1003010
7.521929268635839,14.0,17.220481152035497,1e-10,2.388581522020219e-12,3.254296853494193e-06,1.0,47.83819700032021,566539.0256772785,-4.656589354248074e-08,0.32761620755465226,9.653041641481744,76.70607455015653,0,-001,1003010
7.531929268635839,14.0,17.220481176012804,1e-10,2.41553018534213e-12,3.2533624645632136e-06,1.0,47.83773055198126,567662.8079849421,-4.679790252238305e-08,0.32866279349589766,9.657282990425037,76.72835826122267,0,-001,1003010
7.541929268635839,14.0,17.220481200260892,1e-10,2.4428605815385912e-12,3.2524114426005834e-06,1.0,47.83726178042706,568789.8467066709,-4.703083152027084e-08,0.3297190283686876,9.661603068902712,76.75105460999205,0,-001,1003010
7.551929268635838,14.0,17.2204812247836,1e-10,2.4705789043379374e-12,3.251443439795072e-06,1.0,47.83679067650468,569920.1521406448,-4.726466656077186e-08,0.33078505275991177,9.66600363103154,76.77417269288384,0,-001,1003010
7.561929268635838,14.0,17.22048124958483,1e-10,2.4986914479104244e-12,3.250458101017403e-06,1.0,47.836317231203665,571053.7346251346,-4.749939285155527e-08,0.3318610099958403,9.670486472371321,76.79772181675102,0,-001,1003010
7.571929268635838,14.0,17.22048127466854,1e-10,2.527204607826116e-12,3.2494550637196503e-06,1.0,47.835841435664385,572190.6045388737,-4.773499475213014e-08,0.33294704620597043,9.675053430749859,76.82171150283271,0,-001,1003010
7.581929268635838,14.0,17.22048130003876,1e-10,2.5561248819743594e-12,3.2484339578386396e-06,1.0,47.83536328118657,573330.7723014414,-4.797145574157881e-08,0.3340433103889791,9.679706387084885,76.84615149067221,0,-001,1003010
7.5919292686358375,14.0,17.220481325699584,1e-10,2.58545887144151e-12,3.2473944057040444e-06,1.0,47.83488275923824,574474.2483736575,-4.820875838519198e-08,0.3351499544809149,9.684447266200243,76.87105174198607,0,-001,1003010
7.601929268635837,14.0,17.220481351655174,1e-10,2.615213281343474e-12,3.2463360219517472e-06,1.0,47.83439986146497,575621.0432579872,-4.844688429997507e-08,0.33626713342574777,9.68927803763423,76.89642244447217,0,-001,1003010
7.611929268635837,14.0,17.220481377909753,1e-10,2.6453949216097178e-12,3.2452584134432095e-06,1.0,47.833914579699496,576771.1674989599,-4.8685814118993356e-08,0.3373950052484138,9.6942007164371,76.92227401554062,0,-001,1003010
7.621929268635837,14.0,17.22048140446762,1e-10,2.676010707714985e-12,3.2441611791915905e-06,1.0,47.83342690597164,577924.6316835992,-4.892552745452234e-08,0.33853373113050395,9.699217363954835,76.94861710595133,0,-001,1003010
7.631929268635837,14.0,17.22048143133314,1e-10,2.7070676613552236e-12,3.243043910295438e-06,1.0,47.8329368325187,579081.4464418663,-4.916600285997211e-08,0.33968347548875244,9.704330088595825,76.97546260333978,0,-001,1003010
7.641929268635836,14.0,17.220481458510747,1e-10,2.7385729110638894e-12,3.241906189880823e-06,1.0,47.83244435179613,580241.622447117,-4.94072177905521e-08,0.3408444060564925,9.709541046576877,77.00282163561172,0,-001,1003010
7.651929268635836,14.0,17.22048148600495,1e-10,2.7705336927646678e-12,3.2407475930528933e-06,1.0,47.83194945648867,581405.170416572,-4.9649148562639376e-08,0.34201669396826767,9.714852442644482,77.03070557418447,0,-001,1003010
7.661929268635836,14.0,17.220481513820328,1e-10,2.802957350256986e-12,3.239567686857842e-06,1.0,47.83145213952192,582572.1011118029,-4.989177031182173e-08,0.34320051384778494,9.720266530767116,77.05912603705174,0,-001,1003010
7.671929268635836,14.0,17.220481541961533,1e-10,2.83585133563015e-12,3.238366030256408e-06,1.0,47.83095239407422,583742.4253392302,-5.013505694957704e-08,0.34439604389942824,9.725785614793777,77.08809489164646,0,-001,1003010
7.681929268635836,14.0,17.2204815704333,1e-10,2.8692232096021323e-12,3.237142174110108e-06,1.0,47.830450213589074,584916.1539506409,-5.037898111855499e-08,0.34560346600355923,9.73141204907352,77.11762425747294,0,-001,1003010
7.691929268635835,14.0,17.22048159924043,1e-10,2.9030806417791206e-12,3.235895661181437e-06,1.0,47.82994559178802,586093.2978437176,-5.0623514146428175e-08,0.346822965815838,9.737148239030573,77.1477265084796,0,-001,1003010
7.701929268635835,14.0,17.22048162838781,1e-10,2.9374314108318085e-12,3.2346260261494607e-06,1.0,47.82943852268389,587273.8679625877,-5.086862599827617e-08,0.3480547328708433,9.742996641688569,77.17841427513733,0,-001,1003010
7.711929268635835,14.0,17.220481657880388,1e-10,2.9722834045843645e-12,3.233332795642223e-06,1.0,47.82892900059465,588457.8752983878,-5.111428522746831e-08,0.3492989606902599,9.748959766137544,77.20970044618987,0,-001,1003010
7.721929268635835,14.0,17.220481687723215,1e-10,3.007644620012347e-12,3.2320154882875994e-06,1.0,47.82841702015766,589645.3308898461,-5.136045892501056e-08,0.35055584689594604,9.755040173936155,77.2415981700357,0,-001,1003010
7.7319292686358345,14.0,17.220481717921405,1e-10,3.043523163145544e-12,3.2306736147842035e-06,1.0,47.82790257634448,590836.2458238824,-5.16071126673205e-08,0.3518255933282016,9.76124047944159,77.27412085570164,0,-001,1003010
7.741929268635834,14.0,17.220481748480164,1e-10,3.079927248872305e-12,3.229306677994283e-06,1.0,47.82738566447619,592030.6312362296,-5.1854210462399564e-08,0.35310840616959566,9.767563350058191,77.30728217336056,0,-001,1003010
7.751929268635834,14.0,17.22048177940477,1e-10,3.1168652006416574e-12,3.227914173060432e-06,1.0,47.82686628023928,593228.4983120703,-5.2101714694364384e-08,0.3544044960747244,9.774011506395913,77.34109605434611,0,-001,1003010
7.761929268635834,14.0,17.22048181070059,1e-10,3.1543454500598987e-12,3.2264955875482575e-06,1.0,47.82634441970207,594429.8582866983,-5.234958606630626e-08,0.355714078306315,9.78058772232838,77.37557669061071,0,-001,1003010
7.771929268635834,14.0,17.220481842373076,1e-10,3.1923765363788235e-12,3.2250504016172145e-06,1.0,47.8258200793317,595634.7224461975,-5.259778354144588e-08,0.35703737287810794,9.787294824939684,77.41073853356961,0,-001,1003010
7.7819292686358335,14.0,17.22048187442777,1e-10,3.2309671058725933e-12,3.2235780882219994e-06,1.0,47.82529325601177,596843.1021281433,-5.284626428255023e-08,0.3583746047049933,9.794135694348158,77.44659629226922,0,-001,1003010
7.791929268635833,14.0,17.22048190687029,1e-10,3.270125911101127e-12,3.2220781133469614e-06,1.0,47.82476394706053,598055.0087223276,-5.3094983589582337e-08,0.35972600376090524,9.80111326339461,77.48316493081441,0,-001,1003010
7.801929268635833,14.0,17.220481939706353,1e-10,3.3098618100578838e-12,3.220549936276371e-06,1.0,47.82423215024974,599270.4536715047,-5.3343894835550486e-08,0.36109180524502826,9.808230517180831,77.52045966498055,0,-001,1003010
7.811929268635833,14.0,17.220481972941762,1e-10,3.3501837652010193e-12,3.2189930099033182e-06,1.0,47.82369786382414,600489.4484721627,-5.359294940053308e-08,0.36247224975689407,9.81549049244407,77.55849595793582,0,-001,1003010
7.821929268635833,14.0,17.220482006582408,1e-10,3.3911008423666865e-12,3.217406781080364e-06,1.0,47.823161086521615,601712.0046753183,-5.384209660384717e-08,0.3638675834810081,9.822896276751056,77.59728951498867,0,-001,1003010
7.831929268635832,14.0,17.220482040634266,1e-10,3.43262220956477e-12,3.215790691015245e-06,1.0,47.82262181759406,602938.1338873355,-5.409128363433666e-08,0.36527805838168453,9.830451007494466,77.63685627727155,0,-001,1003010
7.841929268635832,14.0,17.220482075103416,1e-10,3.4747571356578603e-12,3.214144175715109e-06,1.0,47.8220800568289,604167.847770775,-5.434045547876096e-08,0.3667039324088208,9.838157870673152,77.6772124142644,0,-001,1003010
7.851929268635832,14.0,17.220482109996027,1e-10,3.5175149889246115e-12,3.2124666664829724e-06,1.0,47.82153580457137,605401.1580452654,-5.458955484825245e-08,0.36814546971539913,9.846020099436132,77.71837431505496,0,-001,1003010
7.861929268635832,14.0,17.220482145318357,1e-10,3.5609052355108686e-12,3.2107575904703963e-06,1.0,47.82098906174752,606638.0764884043,-5.4838522102835165e-08,0.36960294088756057,9.854040972368663,77.76035857822403,0,-001,1003010
7.8719292686358315,14.0,17.22048218107676,1e-10,3.6049374377719594e-12,3.2090163712905957e-06,1.0,47.820439829887995,607878.614936688,-5.508729517398059e-08,0.37107662318816487,9.86222381149705,77.803182000236,0,-001,1003010
7.881929268635831,14.0,17.22048221727769,1e-10,3.6496212525115145e-12,3.2072424296963547e-06,1.0,47.819888111152586,609122.7852864708,-5.533580948519073e-08,0.372566800814809,9.870571979987393,77.84686156220795,0,-001,1003010
7.891929268635831,14.0,17.2204822539277,1e-10,3.694966429123521e-12,3.2054351843276417e-06,1.0,47.81933390835558,610370.5994949533,-5.5583997870596165e-08,0.3740737651733639,9.879088879511055,77.89141441491749,0,-001,1003010
7.901929268635831,14.0,17.22048229103343,1e-10,3.740982807645881e-12,3.2035940525337906e-06,1.0,47.81877722499195,611622.0695812036,-5.583179049156606e-08,0.37559781516815055,9.887777947248187,77.93685786190431,0,-001,1003010
7.911929268635831,14.0,17.220482328601634,1e-10,3.7876803167359035e-12,3.2017184512757117e-06,1.0,47.818218065264325,612877.2076272081,-5.607911475132613e-08,0.37713925750997845,9.89664265249801,77.98320934050544,0,-001,1003010
7.9219292686358305,14.0,17.220482366639153,1e-10,3.835068971579483e-12,3.199807798113708e-06,1.0,47.81765643411092,614136.0257789587,-5.6325895207585085e-08,0.37869840704334573,9.905686492862667,78.03048640065647,0,-001,1003010
7.93192926863583,14.0,17.22048240515293,1e-10,3.883158871749185e-12,3.19786151228694e-06,1.0,47.81709233723429,615398.5362475718,-5.65720534831814e-08,0.38027558709421144,9.914912989968597,78.07870668127589,0,-001,1003010
7.94192926863583,14.0,17.220482444150015,1e-10,3.931960199027772e-12,3.1958790158908093e-06,1.0,47.816525781130935,616664.7513104406,-5.6817508174759575e-08,0.38187112983983484,9.924325684687304,78.12788788404045,0,-001,1003010
7.95192926863583,14.0,17.220482483637554,1e-10,3.981483215217245e-12,3.193859735159041e-06,1.0,47.815956773121925,617934.6833124275,-5.706217475949441e-08,0.3834853767023107,9.933928131814016,78.17804774434252,0,-001,1003010
7.96192926863583,14.0,17.220482523622803,1e-10,4.0317382599565724e-12,3.191803101857507e-06,1.0,47.81538532138441,619208.3446670884,-5.730596549989235e-08,0.3851186787675374,9.94372389416024,78.22920399920815,0,-001,1003010
7.971929268635829,14.0,17.220482564113116,1e-10,4.082735748574033e-12,3.1897085547972927e-06,1.0,47.81481143498407,620485.7478579397,-5.754878934669599e-08,0.3867713972314775,9.953716536012932,78.28137435193922,0,-001,1003010
7.981929268635829,14.0,17.220482605115954,1e-10,4.134486170004681e-12,3.1875755414749228e-06,1.0,47.81423512390859,621766.9054397583,-5.7790551839936125e-08,0.3884439038757226,9.96390961590946,78.33457643322555,0,-001,1003010
7.991929268635829,14.0,17.220482646638878,1e-10,4.187000084806922e-12,3.185403519848108e-06,1.0,47.81365639910208,623051.8300399267,-5.8031155008177546e-08,0.39013658157450826,9.974306678674337,78.38882775845741,0,-001,1003010
8.001929268635829,14.0,17.220482688689565,1e-10,4.240288123317081e-12,3.1831919602558293e-06,1.0,47.813075272500576,624340.5343598154,-5.827049726601556e-08,0.39184982483550007,9.984911246659454,78.44414568094875,0,-001,1003010
8.011929268635829,14.0,17.220482731275787,1e-10,4.29436098398521e-12,3.1809403474920074e-06,1.0,47.8124917570685,625633.0311762083,-5.8508473309886645e-08,0.3935840403768135,9.99572681012614,78.50054734076487,0,-001,1003010
8.021929268635828,14.0,17.22048277440543,1e-10,4.349229431941651e-12,3.1786481830426264e-06,1.0,47.81190586683621,626929.333342769,-5.874497401227625e-08,0.3953396477429472,10.006756816702337,78.55804960882443,0,-001,1003010
8.031929268635828,14.0,17.220482818086484,1e-10,4.404904297848807e-12,3.1763149874965733e-06,1.0,47.81131761693861,628229.4537915528,-5.897988631440526e-08,0.3971170799624717,10.01800465984439,78.61666902592734,0,-001,1003010
8.041929268635828,14.0,17.220482862327056,1e-10,4.4613964770995475e-12,3.173940303141091e-06,1.0,47.81072702365479,629533.405534562,-5.921309311749872e-08,0.39891678425055155,10.029473666227553,78.6764217363348,0,-001,1003010
8.051929268635828,14.0,17.220482907135352,1e-10,4.518716929430154e-12,3.171523696753265e-06,1.0,47.81013410444886,630841.2016653458,-5.944447317274561e-08,0.4007392227595833,10.041167081984579,78.73732341550496,0,-001,1003010
8.061929268635827,14.0,17.220482952519696,1e-10,4.57687667902439e-12,3.169064762599607e-06,1.0,47.80953887801177,632152.8553606474,-5.967390097008422e-08,0.40258487338148485,10.053088057706185,78.79938919156132,0,-001,1003010
8.071929268635827,14.0,17.220482998488517,1e-10,4.6358868151914605e-12,3.166563125656357e-06,1.0,47.80894136430433,633468.3798820991,-5.99012466259428e-08,0.4044542306054247,10.065239632111522,78.8626335600445,0,-001,1003010
8.081929268635827,14.0,17.220483045050354,1e-10,4.695758493711724e-12,3.164018445063843e-06,1.0,47.80834158460133,634787.7885779634,-6.01263757701023e-08,0.40634780643505447,10.07762471429074,78.92707029146929,0,-001,1003010
8.091929268635827,14.0,17.22048309221386,1e-10,4.7565029389525165e-12,3.1614304178288705e-06,1.0,47.80773956153677,636111.0948849235,-6.034914943185202e-08,0.4082661313696174,10.090246064415199,78.99271233117823,0,-001,1003010
8.101929268635827,14.0,17.220483139987806,1e-10,4.818131446866672e-12,3.1587987827898745e-06,1.0,47.80713531915028,637438.3123299248,-6.056942392562784e-08,0.41020975545360755,10.103106272804334,79.05957169095198,0,-001,1003010
8.111929268635826,14.0,17.220483188381067,1e-10,4.880655388998704e-12,3.1561233248601938e-06,1.0,47.80652888293462,638769.4545320651,-6.078705073634784e-08,0.4121792494000113,10.116207737231013,79.127659331804,0,-001,1003010
8.121929268635826,14.0,17.220483237402632,1e-10,4.94408621763482e-12,3.153403879565775e-06,1.0,47.8059202798844,640104.5352045355,-6.100187640467705e-08,0.4141752057925254,10.129552638339444,79.19698503734912,0,-001,1003010
8.131929268635826,14.0,17.220483287061615,1e-10,5.008435472246718e-12,3.150640337894308e-06,1.0,47.805309538545885,641443.5681566162,-6.121374241247095e-08,0.41619824037254555,10.143142913042158,79.26755727710183,0,-001,1003010
8.141929268635826,14.0,17.22048333736724,1e-10,5.07371478739343e-12,3.1478326514735987e-06,1.0,47.80469668906798,642786.5672957193,-6.142248506868138e-08,0.41824899341713484,10.156980225754111,79.33938305901974,0,-001,1003010
8.151929268635826,14.0,17.220483388328848,1e-10,5.139935902260186e-12,3.144980838098026e-06,1.0,47.80408176325435,644133.5466294893,-6.162793539601939e-08,0.42032813121465407,10.171065937313271,79.41246777056719,0,-001,1003010
8.161929268635825,14.0,17.220483439955892,1e-10,5.207110672030814e-12,3.1420849876227054e-06,1.0,47.80346479461664,645484.520267953,-6.182991901870645e-08,0.42243634764521487,10.185401071427918,79.48681500753135,0,-001,1003010
8.171929268635825,14.0,17.22048349225795,1e-10,5.275251081307265e-12,3.1391452682460373e-06,1.0,47.80284581842885,646839.5024257255,-6.202825605166963e-08,0.42457436587364594,10.19998627848145,79.56242638977952,0,-001,1003010
8.181929268635825,14.0,17.220483545244722,1e-10,5.344369259809211e-12,3.1361619332022503e-06,1.0,47.8022248717828,648198.5074242686,-6.222276099156185e-08,0.4267429401632398,10.21482179651568,79.63930136309992,0,-001,1003010
8.191929268635825,14.0,17.220483598926023,1e-10,5.414477500607343e-12,3.133135327886689e-06,1.0,47.801601993644674,649561.5496942038,-6.241324261002426e-08,0.4289428578191439,10.229907409203161,79.71743698622004,0,-001,1003010
8.201929268635824,14.0,17.220483653311803,1e-10,5.485588281165826e-12,3.130065897437567e-06,1.0,47.8009772249126,650928.6437776753,-6.259950384963825e-08,0.43117494127092176,10.245242400608909,79.7968277020488,0,-001,1003010
8.211929268635824,14.0,17.22048370841212,1e-10,5.5577142874932644e-12,3.126954194799146e-06,1.0,47.800350608475334,652299.8043307759,-6.278134172304677e-08,0.4334400503045147,10.260825506530638,79.87746509213638,0,-001,1003010
8.221929268635824,14.0,17.220483764237176,1e-10,5.630868441726276e-12,3.1238008892923706e-06,1.0,47.79972218927184,653675.0461260147,-6.295854721576352e-08,0.4357390844545827,10.276654862196137,79.95933761329589,0,-001,1003010
8.231929268635824,14.0,17.2204838207973,1e-10,5.705063933497423e-12,3.120606775720222e-06,1.0,47.79909201435189,655054.384054847,-6.313090519322685e-08,0.4380729855690155,10.292727946084927,80.04243031527798,0,-001,1003010
8.241929268635824,14.0,17.220483878102947,1e-10,5.780314255466749e-12,3.1173727840362157e-06,1.0,47.798460132937585,656437.8331302513,-6.32981943126857e-08,0.44044274055826144,10.30904151963065,80.12672453833838,0,-001,1003010
8.251929268635823,14.0,17.220483936164708,1e-10,5.856633243427987e-12,3.1140999896057372e-06,1.0,47.797826596485706,657825.408489362,-6.346018694056341e-08,0.44284938434305815,10.32559156254963,80.21219758948634,0,-001,1003010
8.261929268635823,14.0,17.220483994993327,1e-10,5.934035121431663e-12,3.1107896240910298e-06,1.0,47.79719145875088,659217.1253961483,-6.361664907596871e-08,0.4452940030151154,10.342373203530705,80.29882239615343,0,-001,1003010
8.271929268635823,14.0,17.220484054599673,1e-10,6.0125345524012195e-12,3.107443086991792e-06,1.0,47.79655477584951,660612.9992441484,-6.376734028108217e-08,0.44777773722635483,10.359380646012184,80.38656713597682,0,-001,1003010
8.281929268635823,14.0,17.22048411499478,1e-10,6.092146694754748e-12,3.104061957874517e-06,1.0,47.79591660632431,662013.0455592445,-6.391201361918923e-08,0.4503017858234116,10.376607088762485,80.47539484134737,0,-001,1003010
8.291929268635823,14.0,17.220484176189824,1e-10,6.172887265580613e-12,3.1006480093244733e-06,1.0,47.795277011209556,663417.280002491,-6.405041560117359e-08,0.4528674097452667,10.394044640974979,80.5652629773417,0,-001,1003010
8.301929268635822,14.0,17.220484238196143,1e-10,6.254772610955397e-12,3.0972032206551406e-06,1.0,47.79463605409669,664825.718372985,-6.418228614134732e-08,0.4554759362030907,10.411684231581841,80.65612299162963,0,-001,1003010
8.311929268635822,14.0,17.220484301025245,1e-10,6.3378197840295165e-12,3.0937297924103174e-06,1.0,47.79399380120045,666238.3766107784,-6.430735852353154e-08,0.4581287631626519,10.42951551249027,80.74791983493773,0,-001,1003010
8.321929268635822,14.0,17.220484364688808,1e-10,6.422046631547669e-12,3.090230161694197e-06,1.0,47.79335032142526,667655.270799831,-6.442535937836746e-08,0.460827364150914,10.447526755446026,80.84059145065557,0,-001,1003010
8.331929268635822,14.0,17.220484429198688,1e-10,6.507471889509438e-12,3.0867070183644654e-06,1.0,47.79270568643176,669076.4171710002,-6.453600867288675e-08,0.46357329340979614,10.465704742235529,80.9340682321953,0,-001,1003010
8.341929268635822,14.0,17.220484494566936,1e-10,6.594115288713934e-12,3.0831633221222316e-06,1.0,47.792059970703484,670501.8321050638,-6.463901971342744e-08,0.46636819142134167,10.484034647950955,81.0282724467749,0,-001,1003010
8.351929268635821,14.0,17.2204845608058,1e-10,6.681997670967472e-12,3.0796023205307683e-06,1.0,47.7914132516134,671931.5321357775,-6.473409916303935e-08,0.46921379082983045,10.502499917063405,81.12311762438601,0,-001,1003010
8.361929268635821,14.0,17.220484627927753,1e-10,6.7711411167655034e-12,3.0760275679919383e-06,1.0,47.79076560949023,673365.5339529531,-6.482094707458532e-08,0.47211192278753705,10.521082132079728,81.21850791084617,0,-001,1003010
8.37192926863582,14.0,17.220484695945483,1e-10,6.861569085284407e-12,3.072442945704473e-06,1.0,47.79011712768441,674803.8544055639,-6.489925694080096e-08,0.47506452375188446,10.539760874602552,81.3143373840368,0,-001,1003010
8.38192926863582,14.0,17.220484764871916,1e-10,6.953306567534401e-12,3.06885268262187e-06,1.0,47.78946789263348,676246.5105048653,-6.496871576263721e-08,0.47807364276255276,10.558513578671734,81.41048933269762,0,-001,1003010
8.39192926863582,14.0,17.22048483472023,1e-10,7.046380253527821e-12,3.0652613774185873e-06,1.0,47.788817993926656,677693.5194275266,-6.50290041372744e-08,0.4811414492276023,10.577315376344725,81.50683549751659,0,-001,1003010
8.40192926863582,14.0,17.22048490550389,1e-10,7.140818714301366e-12,3.0616740214611514e-06,1.0,47.78816752436858,679144.8985187734,-6.507979636725279e-08,0.4842702412477008,10.596138935576397,81.60323527473444,0,-001,1003010
8.41192926863582,14.0,17.220484977236648,1e-10,7.236652599591121e-12,3.0580960227646435e-06,1.0,47.7875165800418,680600.6652955271,-6.512076059222853e-08,0.48746245450696396,10.614954290592648,81.6995348831097,0,-001,1003010
8.42192926863582,14.0,17.220485049932563,1e-10,7.333914851889515e-12,3.0545332308940837e-06,1.0,47.78686526036788,682060.8374495396,-6.515155894493137e-08,0.4907206717574844,10.633728665122323,81.79556649589064,0,-001,1003010
8.43192926863582,14.0,17.22048512360604,1e-10,7.432640937497304e-12,3.0509919627428906e-06,1.0,47.78621366816689,683525.4328505121,-6.51718477329428e-08,0.4940476329220975,10.652426289068336,81.89114734046332,0,-001,1003010
8.44192926863582,14.0,17.220485198271845,1e-10,7.532869095018789e-12,3.0474790290855064e-06,1.0,47.78556190971493,684994.4695491968,-6.518127764799315e-08,0.4974462458359121,10.671008209470518,81.98607876963413,0,-001,1003010
8.45192926863582,14.0,17.220485273945137,1e-10,7.634640601507807e-12,3.0440017617565926e-06,1.0,47.78491009479954,686467.9657804654,-6.517949400451558e-08,0.5009195976412408,10.689432096952478,82.08014531012267,0,-001,1003010
8.461929268635819,14.0,17.220485350641496,1e-10,7.738000056144834e-12,3.040568041252486e-06,1.0,47.78425833677256,687945.9399663381,-6.516613700925599e-08,0.5044709668422114,10.707652049265988,82.17311369585723,0,-001,1003010
8.471929268635819,14.0,17.220485428376964,1e-10,7.842995680881245e-12,3.0371863244791105e-06,1.0,47.78360675260019,689428.4107189659,-6.514084206378916e-08,0.5081038360138774,10.725618394067569,82.26473189616598,0,-001,1003010
8.481929268635819,14.0,17.22048550716808,1e-10,7.949679636898112e-12,3.0338656722810886e-06,1.0,47.782955462909946,690915.3968435508,-6.510324010183352e-08,0.5118219051451917,10.743277493701378,82.35472815204074,0,-001,1003010
8.491929268635818,14.0,17.220485587031913,1e-10,8.058108354952885e-12,3.0306157762751704e-06,1.0,47.78230459203406,692406.9173411971,-6.505295796329981e-08,0.5156291055748038,10.760571555543976,82.442810037431,0,-001,1003010
8.501929268635818,14.0,17.220485667986114,1e-10,8.168342876687537e-12,3.0274469843729e-06,1.0,47.781654268049074,693902.9914116794,-6.498961880704704e-08,0.5195296144519407,10.77743845241636,82.52866356714235,0,-001,1003010
8.511929268635818,14.0,17.220485750048965,1e-10,8.280449202682555e-12,3.0243703242071514e-06,1.0,47.781004622811146,695403.6384561142,-6.491284256434335e-08,0.5235278696202491,10.793811558714447,82.61195237850275,0,-001,1003010
8.521929268635818,14.0,17.22048583323942,1e-10,8.394498641405938e-12,3.0213975234686447e-06,1.0,47.780355791986636,696908.8780795236,-6.48222464350553e-08,0.5276285847784995,10.809619609284637,82.69231702070124,0,-001,1003010
8.531929268635817,14.0,17.220485917577165,1e-10,8.51056815113715e-12,3.0185410259051767e-06,1.0,47.77970791507764,698418.730093274,-6.471744542859504e-08,0.5318367647165168,10.824786589707118,82.76937439375443,0,-001,1003010
8.541929268635817,14.0,17.22048600308268,1e-10,8.62874066436342e-12,3.0158140014309173e-06,1.0,47.779061135441935,699933.2145173782,-6.459805295166592e-08,0.536157720355173,10.839231668578067,82.84271738859523,0,-001,1003010
8.551929268635817,14.0,17.220486089777296,1e-10,8.749105380938482e-12,3.013230348428261e-06,1.0,47.77841560030688,701452.3515826392,-6.446368144482381e-08,0.5405970832331294,10.852869184632222,82.91191479096223,0,-001,1003010
8.561929268635817,14.0,17.220486177683334,1e-10,8.87189045756017e-12,3.010804685856057e-06,1.0,47.7777714601691,702999.8622196564,-6.431492931000684e-08,0.5451591842222412,10.865608704426405,82.97651152593025,0,-001,1003010
8.571929268635817,14.0,17.220486266950292,1e-10,9.04904944903704e-12,3.0085515196553903e-06,1.0,47.77712745094017,707143.1091054957,-6.488788446488402e-08,0.5479334044433954,10.87736258489475,83.03606647169526,0,-001,1003010
8.581929268635816,14.0,17.220486358091172,1e-10,9.223840517913353e-12,3.0064646545029595e-06,1.0,47.77647157046625,715681.0326320496,-6.747935731734823e-08,0.5414178679992102,10.888204629294723,83.09095549582655,0,-001,1003010
8.591929268635816,14.0,17.2204864504941,1e-10,9.205854681781025e-12,3.0045013361701536e-06,1.0,47.775780323532274,728771.5351772797,-7.303301461201664e-08,0.5178097037624079,10.898501627528772,83.14303873109537,0,-001,1003010
8.601929268635816,14.0,17.22048654129379,1e-10,8.689155036944198e-12,3.0027608233644018e-06,1.0,47.775022060646336,746659.2269116334,-8.190218706234651e-08,0.47194788255876785,10.907821689596394,83.19010941458798,0,-001,1003010
8.611929268635816,14.0,17.220613035375024,1e-10,8.894934452270607e-08,3.010455590880799e-06,2.0,47.77103105462004,884171.056919578,-8.030200123997554e-06,1.7450109344392897,10.718549284431896,82.22333236662995,0,-001,1003010
8.621929268635816,14.0,17.22150407329003,1e-10,8.922783647399778e-08,3.1084391706909474e-06,4.0,47.594045148254,892280.6588037584,-1.9032345190641462e-05,1.8877645163704113,10.215356408921586,79.55741147458967,0,-001,1003010
8.631929268635815,14.0,17.2223970029805,1e-10,8.93683761584433e-08,3.135514217594165e-06,4.0,47.398987176517174,896151.9828635107,-1.9989001116193395e-05,1.9077147583394016,10.082822858365102,78.78896648791864,0,-001,1003010
8.641929268635815,14.0,17.223291391898904,1e-10,8.952002290945219e-08,3.164380926034561e-06,4.0,47.19379276131096,900040.1033697103,-2.1084259475328912e-05,1.9304007180660223,9.944603965372348,77.98491010112157,0,-001,1003010
8.651929268635815,14.0,17.224187352252923,1e-10,8.968358190167995e-08,3.1950620013075367e-06,4.0,46.976749061071956,903945.0931955625,-2.2379689473693897e-05,1.9566505365449811,9.801073302442303,77.14624149898223,0,-001,1003010
8.661929268635815,14.0,17.22508501244768,1e-10,8.986112081841929e-08,3.227906779779831e-06,4.0,46.74554437851447,907867.0255299945,-2.3944728878495455e-05,1.9875600220481264,9.651148000031556,76.26607888416211,0,-001,1003010
8.671929268635814,14.0,17.225984524703996,1e-10,9.005540246828248e-08,3.263382440293888e-06,4.0,46.4970950338776,911805.9738788621,-2.586610906964054e-05,2.024391533352148,9.493391665242928,75.3352807672609,0,-001,1003010
8.681929268635814,14.0,17.22688607304445,1e-10,9.027012522768468e-08,3.3021066701673635e-06,4.0,46.22734377454778,915762.0120661104,-2.825443305493648e-05,2.0686300883335575,9.32595736266884,74.3420220735765,0,-001,1003010
8.691929268635814,14.0,17.227789884186283,1e-10,9.051027579629461e-08,3.3448932315369173e-06,4.0,45.93097892065854,919735.2142348363,-3.125375118168472e-05,2.122063077896893,9.146513486322744,73.27123267049231,0,-001,1003010
8.701929268635814,14.0,17.228696242677152,1e-10,9.078265037406664e-08,3.3928165873768793e-06,4.0,45.60103869353925,923725.6548481862,-3.505550575119527e-05,2.186894910383713,8.952148247363764,72.10385414517101,0,-001,1003010
8.711929268635814,14.0,17.229605512363168,1e-10,9.109664245334971e-08,3.447304731582916e-06,4.0,45.22834729504291,927733.4086899908,-3.9919130258922675e-05,2.2659145010713746,8.739249890371255,70.81586760140198,0,-001,1003010
8.721929268635813,14.0,17.230518167532033,1e-10,9.146546349876348e-08,3.5102743375096517e-06,4.0,44.800700467816874,931758.5508649308,-4.620304827852013e-05,2.362744859492672,8.503362243272448,69.3770429031547,0,-001,1003010
8.731929268635813,14.0,17.23143483922413,1e-10,9.190808730035808e-08,3.584330359420076e-06,4.0,44.301670657155015,935801.156797878,-5.4412365184895575e-05,2.4822238055613894,8.239021415784599,67.749369703971,0,-001,1003010
8.741929268635813,14.0,17.232356525372825,1e-10,9.240291674967717e-08,3.667470852403025e-06,4.0,43.70601574306726,939861.3022295006,-6.425694929717134e-05,2.627057770393192,7.95775201641124,65.98457808607917,0,-001,1003010
8.751929268635813,14.0,17.233284582821362,1e-10,9.32096719540256e-08,3.7859039055303283e-06,4.0,42.979061481070666,943939.0632117256,-8.133306069712216e-05,2.8220681228899234,7.583886975581064,63.64656616222379,0,-001,1003010
8.761929268635813,14.0,17.234221077970584,1e-10,9.41992106335082e-08,3.9240528141487995e-06,4.0,42.06871331275012,948034.5160909571,-0.00010326376996708033,3.065111255383917,7.182565200696649,61.07034018773386,0,-001,1003010
8.771929268635812,14.0,17.235168963220012,1e-10,9.546027095719494e-08,4.100982292882439e-06,4.0,40.90228695250599,952147.7374781282,-0.00013191318648415404,3.3840080448398573,6.717038314398589,58.01706902449687,0,-001,1003010
8.781929268635812,14.0,17.236132974375685,1e-10,9.739572133333289e-08,4.337578551740988e-06,4.0,39.368179627057756,956278.8041552823,-0.0001760264802680405,3.8180669521547346,6.167248007554573,54.32036454625295,0,-001,1003010
8.791929268635812,14.0,17.23712104386392,1e-10,1.003137309769318e-07,4.648254047796812e-06,4.0,37.29244377719286,960427.7927962594,-0.00024067661228384873,4.417763784828096,5.548506163161792,49.997307753915415,0,-001,1003010
8.801929268635812,14.0,17.238147320182716,1e-10,1.0542234950709082e-07,5.05446564952754e-06,4.0,34.40513843136588,964594.7788574989,-0.00034396736312076906,5.269323617981611,4.877206337039946,45.054406003303974,0,-001,1003010
8.811929268635811,14.0,17.23923991947664,1e-10,1.1433470137801815e-07,5.521148947909804e-06,4.0,30.317177960757085,968779.8297311467,-0.0004842858666643921,6.444877316313679,4.246341855564957,39.96669545801423,0,-001,1003010
8.821929268635811,14.0,17.240467152340102,1e-10,1.3407409530331984e-07,5.76316201222538e-06,4.0,24.699311947825848,972982.8902353764,-0.0006314342641658859,7.658810507157565,3.9336176395500386,36.4212937064608,0,-001,1003010
8.831929268635811,14.0,17.241975281189827,1e-10,8.53715064320988e-08,5.325831881360621e-06,4.0,19.223306103499073,960543.2611487599,-4.7537771438001443e-07,0.945306375256317,4.344940934488778,37.14505460241497,0,-001,1003010
8.84192926863581,14.0,17.24239118594914,1e-10,3.001760607099046e-09,5.3283868017241695e-06,4.0,19.220552913174885,894367.5266379396,-7.968482449693428e-08,0.1965253300391678,4.341859320892771,37.126696049028894,0,-001,1003010
8.85192926863581,14.0,17.242401940755073,1e-10,2.622975214151909e-10,5.328296501895061e-06,4.0,19.22007008564433,577076.5726045397,-2.44602553337113e-08,0.1033983148421027,4.341962915256207,37.1271263697098,0,-001,1003010
8.86192926863581,14.0,17.242404253041105,1e-10,2.3062053308741822e-10,5.327449347444507e-06,7.0,19.21603245272599,571916.5652557471,-5.219987719756487e-07,0.10305920183053313,4.3429217016965564,37.131221865240384,0,-001,1003010
8.87192926863581,14.0,17.24240657718852,1e-10,2.3424628363186533e-10,5.326346831726081e-06,7.0,19.210781644501402,576351.3736822694,-5.28250714056465e-07,0.10318068298674078,4.344169934812502,37.13655410197148,0,-001,1003010
8.88192926863581,14.0,17.24240893625898,1e-10,2.3769666616325923e-10,5.325231566774441e-06,7.0,19.20546992306128,580778.2314029636,-5.343494765597631e-07,0.10327747274752698,4.345433197565231,37.141949766779035,0,-001,1003010
8.89192926863581,14.0,17.242411329367474,1e-10,2.4104692025017927e-10,5.324103527135754e-06,7.0,19.20009716516098,585197.0529024866,-5.404604055606578e-07,0.10334566357716965,4.346711539545797,37.14740904482914,0,-001,1003010
8.90192926863581,14.0,17.242413755396857,1e-10,2.4427226397563895e-10,5.322962687845813e-06,7.0,19.19466325088791,589607.752697927,-5.465831680441522e-07,0.10338089759386969,4.348005010074945,37.152932119948126,0,-001,1003010
8.91192926863581,14.0,17.242416212967214,1e-10,2.47344720520925e-10,5.321809024398629e-06,7.0,19.18916806365699,594010.2453467876,-5.52717431441009e-07,0.10337833356042081,4.3493136582355625,37.1585191747926,0,-001,1003010
8.92192926863581,14.0,17.24241870040272,1e-10,2.5023287691976276e-10,5.320642512712646e-06,7.0,19.183611490206214,598404.4454549628,-5.588628636242762e-07,0.10333261276266627,4.350637532907572,37.164170391032236,0,-001,1003010
8.931929268635809,14.0,17.24242121569626,1e-10,2.529016507598236e-10,5.319463129094685e-06,7.0,19.177993420592163,602790.267684682,-5.65019132906594e-07,0.10323782378241204,4.3519766828051845,37.16988594954522,0,-001,1003010
8.941929268635809,14.0,17.24242375647179,1e-10,2.5521320679760947e-10,5.318270850126881e-06,7.0,19.17231374781662,607167.626747804,-5.709175594242774e-07,0.1030874661698032,4.353331156601143,37.17566603098247,0,-001,1003010
8.951929268635809,14.0,17.242426319944254,1e-10,2.573362647343374e-10,5.317065652760764e-06,7.0,19.166572368485316,611536.4374396615,-5.770940299648003e-07,0.10287441302873894,4.354701002816288,37.18151081534567,0,-001,1003010
8.961929268635808,14.0,17.24242890287811,1e-10,2.5911276875547713e-10,5.315847514229354e-06,7.0,19.160769182577898,615896.6146383772,-5.832803588546951e-07,0.10259087251357178,4.356086269914938,37.18742048243456,0,-001,1003010
8.971929268635808,14.0,17.242431501544278,1e-10,2.6049125117090107e-10,5.314616411989859e-06,7.0,19.154904093375038,620248.0733100817,-5.894762161377547e-07,0.10222834824897373,4.357487006365617,37.19339521214948,0,-001,1003010
8.981929268635808,14.0,17.242434111676317,1e-10,2.614158292854561e-10,5.3133723236794495e-06,7.0,19.148977007454004,624590.7285168071,-5.956812722962215e-07,0.10177759867998858,4.3589032606870655,37.19943518473279,0,-001,1003010
8.991929268635808,14.0,17.242436728426306,1e-10,2.61826225950357e-10,5.312115227070866e-06,7.0,19.14298783468424,628924.4954243507,-6.018951982527308e-07,0.10122859535945994,4.360335081494525,37.20554058101157,0,-001,1003010
9.001929268635807,14.0,17.24243934632145,1e-10,2.6165789010470996e-10,5.310845100028787e-06,7.0,19.136936488222936,633249.2893101047,-6.081176653729345e-07,0.10057048018048073,4.361782517545433,37.211711582636966,0,-001,1003010
9.011929268635807,14.0,17.242441959222603,1e-10,2.608422430693735e-10,5.309561920468154e-06,7.0,19.130822884510522,637565.0255708958,-6.143483454688217e-07,0.0997915215616486,4.3632456177833365,37.21794837231371,0,-001,1003010
9.021929268635807,14.0,17.242444560285914,1e-10,2.5930708124592764e-10,5.308265666315696e-06,7.0,19.12464694326615,641871.6197307897,-6.205869108026299e-07,0.09887906959305763,4.364724431378751,37.22425113401313,0,-001,1003010
9.031929268635807,14.0,17.24244714192958,1e-10,2.569771716089033e-10,5.306956315476537e-06,7.0,19.118408587483145,646168.9874488706,-6.26833034091419e-07,0.09781951015110332,4.366219007765076,37.23062005315954,0,-001,1003010
9.041929268635807,14.0,17.242449695807647,1e-10,2.537750831114222e-10,5.305633845807963e-06,7.0,19.112107743424406,650457.0445270167,-6.330863885122227e-07,0.09659821799031286,4.36772939666749,37.23705531677883,0,-001,1003010
9.051929268635806,14.0,17.24245009911752,1e-10,0.0,5.275952023946962e-06,14.0,18.611099121597658,1e-10,0.0,5.499420378863368e-06,4.488116294676216,37.74319658905961,0,-001,1003010
13700.0,14.0,17.24245009911752,1e-10,0.0,6.287422668528692e-06,14.0,18.611099121597658,1e-10,0.0,6.55373289917956e-06,3.4318771268976502,31.560976472174197,0,-001,1003010
